data_version,technology_id,technology_type,manufacturer,model,application_scope,operating_mode,Tout,Tsource,Tsupply,Treturn,PLR,SOC,startup_state,COP,efficiency,capacity_ratio,source_heat_availability_ratio,min_PLR,rated_capacity_kW,storage_capacity_kWh,charge_efficiency,discharge_efficiency,max_charge_ratio,max_discharge_ratio,hourly_loss_rate,cyclic_boundary,is_source_point,is_interpolated,is_assumption,source_id,applicable_range,notes
guanggu-v0.3-20260823,ASHP_BASE_01,air_source_heat_pump,Mitsubishi Electric,PUHZ-HW140V/YHA2(-BS),central;distributed,heating,-5.0,,35.0,,0.25,,1,2.622562,,1.0,,0.299603,11.2,,,,,,,,0,0,1,SRC_ASHP_MITSU_DATABOOK;SRC_EU_CDH,Tout=-5..15; Tsupply=35..55; PLR=0.25..1.00,目标PLR低于厂家最小能力点，采用EU 813/2013默认Cdh=0.9循环退化补点；不是厂家数据。 厂家表在本项目目标温区内最大制热量为11.2 kW；表格是否已含除霜未明确，未另乘除霜系数。
guanggu-v0.3-20260823,ASHP_BASE_01,air_source_heat_pump,Mitsubishi Electric,PUHZ-HW140V/YHA2(-BS),central;distributed,heating,-5.0,,35.0,,0.5,,1,2.966717,,1.0,,0.299603,11.2,,,,,,,,0,1,0,SRC_ASHP_MITSU_DATABOOK,Tout=-5..15; Tsupply=35..55; PLR=0.25..1.00,在厂家Min与Mid能力点之间按能力比线性插值。 厂家表在本项目目标温区内最大制热量为11.2 kW；表格是否已含除霜未明确，未另乘除霜系数。
guanggu-v0.3-20260823,ASHP_BASE_01,air_source_heat_pump,Mitsubishi Electric,PUHZ-HW140V/YHA2(-BS),central;distributed,heating,-5.0,,35.0,,0.75,,1,3.022132,,1.0,,0.299603,11.2,,,,,,,,0,1,0,SRC_ASHP_MITSU_DATABOOK,Tout=-5..15; Tsupply=35..55; PLR=0.25..1.00,在厂家Mid与Max/Nominal能力点之间按能力比线性插值。 厂家表在本项目目标温区内最大制热量为11.2 kW；表格是否已含除霜未明确，未另乘除霜系数。
guanggu-v0.3-20260823,ASHP_BASE_01,air_source_heat_pump,Mitsubishi Electric,PUHZ-HW140V/YHA2(-BS),central;distributed,heating,-5.0,,35.0,,1.0,,1,2.658889,,1.0,,0.299603,11.2,,,,,,,,0,1,0,SRC_ASHP_MITSU_DATABOOK,Tout=-5..15; Tsupply=35..55; PLR=0.25..1.00,厂家相邻室外温度Max/Nominal点线性插值。 厂家表在本项目目标温区内最大制热量为11.2 kW；表格是否已含除霜未明确，未另乘除霜系数。
guanggu-v0.3-20260823,ASHP_BASE_01,air_source_heat_pump,Mitsubishi Electric,PUHZ-HW140V/YHA2(-BS),central;distributed,heating,-5.0,,45.0,,0.25,,1,1.807778,,1.0,,0.25,11.2,,,,,,,,0,0,1,SRC_ASHP_MITSU_DATABOOK;SRC_EU_CDH,Tout=-5..15; Tsupply=35..55; PLR=0.25..1.00,目标PLR低于厂家最小能力点，采用EU 813/2013默认Cdh=0.9循环退化补点；不是厂家数据。 厂家表在本项目目标温区内最大制热量为11.2 kW；表格是否已含除霜未明确，未另乘除霜系数。
guanggu-v0.3-20260823,ASHP_BASE_01,air_source_heat_pump,Mitsubishi Electric,PUHZ-HW140V/YHA2(-BS),central;distributed,heating,-5.0,,45.0,,0.5,,1,2.19683,,1.0,,0.25,11.2,,,,,,,,0,1,0,SRC_ASHP_MITSU_DATABOOK,Tout=-5..15; Tsupply=35..55; PLR=0.25..1.00,在厂家Min与Mid能力点之间按能力比线性插值。 厂家表在本项目目标温区内最大制热量为11.2 kW；表格是否已含除霜未明确，未另乘除霜系数。
guanggu-v0.3-20260823,ASHP_BASE_01,air_source_heat_pump,Mitsubishi Electric,PUHZ-HW140V/YHA2(-BS),central;distributed,heating,-5.0,,45.0,,0.75,,1,2.332151,,1.0,,0.25,11.2,,,,,,,,0,1,0,SRC_ASHP_MITSU_DATABOOK,Tout=-5..15; Tsupply=35..55; PLR=0.25..1.00,在厂家Mid与Max/Nominal能力点之间按能力比线性插值。 厂家表在本项目目标温区内最大制热量为11.2 kW；表格是否已含除霜未明确，未另乘除霜系数。
guanggu-v0.3-20260823,ASHP_BASE_01,air_source_heat_pump,Mitsubishi Electric,PUHZ-HW140V/YHA2(-BS),central;distributed,heating,-5.0,,45.0,,1.0,,1,2.205556,,1.0,,0.25,11.2,,,,,,,,0,1,0,SRC_ASHP_MITSU_DATABOOK,Tout=-5..15; Tsupply=35..55; PLR=0.25..1.00,厂家相邻室外温度Max/Nominal点线性插值。 厂家表在本项目目标温区内最大制热量为11.2 kW；表格是否已含除霜未明确，未另乘除霜系数。
guanggu-v0.3-20260823,ASHP_BASE_01,air_source_heat_pump,Mitsubishi Electric,PUHZ-HW140V/YHA2(-BS),central;distributed,heating,-5.0,,55.0,,0.25,,1,1.276242,,1.0,,0.21627,11.2,,,,,,,,0,1,0,SRC_ASHP_MITSU_DATABOOK,Tout=-5..15; Tsupply=35..55; PLR=0.25..1.00,在厂家Min与Mid能力点之间按能力比线性插值。 厂家表在本项目目标温区内最大制热量为11.2 kW；表格是否已含除霜未明确，未另乘除霜系数。
guanggu-v0.3-20260823,ASHP_BASE_01,air_source_heat_pump,Mitsubishi Electric,PUHZ-HW140V/YHA2(-BS),central;distributed,heating,-5.0,,55.0,,0.5,,1,1.610742,,1.0,,0.21627,11.2,,,,,,,,0,1,0,SRC_ASHP_MITSU_DATABOOK,Tout=-5..15; Tsupply=35..55; PLR=0.25..1.00,在厂家Min与Mid能力点之间按能力比线性插值。 厂家表在本项目目标温区内最大制热量为11.2 kW；表格是否已含除霜未明确，未另乘除霜系数。
guanggu-v0.3-20260823,ASHP_BASE_01,air_source_heat_pump,Mitsubishi Electric,PUHZ-HW140V/YHA2(-BS),central;distributed,heating,-5.0,,55.0,,0.75,,1,1.945242,,1.0,,0.21627,11.2,,,,,,,,0,1,0,SRC_ASHP_MITSU_DATABOOK,Tout=-5..15; Tsupply=35..55; PLR=0.25..1.00,在厂家Min与Mid能力点之间按能力比线性插值。 厂家表在本项目目标温区内最大制热量为11.2 kW；表格是否已含除霜未明确，未另乘除霜系数。
guanggu-v0.3-20260823,ASHP_BASE_01,air_source_heat_pump,Mitsubishi Electric,PUHZ-HW140V/YHA2(-BS),central;distributed,heating,-5.0,,55.0,,1.0,,1,1.722222,,1.0,,0.21627,11.2,,,,,,,,0,1,0,SRC_ASHP_MITSU_DATABOOK,Tout=-5..15; Tsupply=35..55; PLR=0.25..1.00,厂家相邻室外温度Max/Nominal点线性插值。 厂家表在本项目目标温区内最大制热量为11.2 kW；表格是否已含除霜未明确，未另乘除霜系数。
guanggu-v0.3-20260823,ASHP_BASE_01,air_source_heat_pump,Mitsubishi Electric,PUHZ-HW140V/YHA2(-BS),central;distributed,heating,0.0,,35.0,,0.25,,1,3.271417,,1.0,,0.334325,11.2,,,,,,,,0,0,1,SRC_ASHP_MITSU_DATABOOK;SRC_EU_CDH,Tout=-5..15; Tsupply=35..55; PLR=0.25..1.00,目标PLR低于厂家最小能力点，采用EU 813/2013默认Cdh=0.9循环退化补点；不是厂家数据。 厂家表在本项目目标温区内最大制热量为11.2 kW；表格是否已含除霜未明确，未另乘除霜系数。
guanggu-v0.3-20260823,ASHP_BASE_01,air_source_heat_pump,Mitsubishi Electric,PUHZ-HW140V/YHA2(-BS),central;distributed,heating,0.0,,35.0,,0.5,,1,3.726732,,1.0,,0.334325,11.2,,,,,,,,0,1,0,SRC_ASHP_MITSU_DATABOOK,Tout=-5..15; Tsupply=35..55; PLR=0.25..1.00,在厂家Min与Mid能力点之间按能力比线性插值。 厂家表在本项目目标温区内最大制热量为11.2 kW；表格是否已含除霜未明确，未另乘除霜系数。
guanggu-v0.3-20260823,ASHP_BASE_01,air_source_heat_pump,Mitsubishi Electric,PUHZ-HW140V/YHA2(-BS),central;distributed,heating,0.0,,35.0,,0.75,,1,3.684895,,1.0,,0.334325,11.2,,,,,,,,0,1,0,SRC_ASHP_MITSU_DATABOOK,Tout=-5..15; Tsupply=35..55; PLR=0.25..1.00,在厂家Mid与Max/Nominal能力点之间按能力比线性插值。 厂家表在本项目目标温区内最大制热量为11.2 kW；表格是否已含除霜未明确，未另乘除霜系数。
guanggu-v0.3-20260823,ASHP_BASE_01,air_source_heat_pump,Mitsubishi Electric,PUHZ-HW140V/YHA2(-BS),central;distributed,heating,0.0,,35.0,,1.0,,1,2.981111,,1.0,,0.334325,11.2,,,,,,,,0,1,0,SRC_ASHP_MITSU_DATABOOK,Tout=-5..15; Tsupply=35..55; PLR=0.25..1.00,厂家相邻室外温度Max/Nominal点线性插值。 厂家表在本项目目标温区内最大制热量为11.2 kW；表格是否已含除霜未明确，未另乘除霜系数。
guanggu-v0.3-20260823,ASHP_BASE_01,air_source_heat_pump,Mitsubishi Electric,PUHZ-HW140V/YHA2(-BS),central;distributed,heating,0.0,,45.0,,0.25,,1,2.290231,,1.0,,0.294643,11.2,,,,,,,,0,0,1,SRC_ASHP_MITSU_DATABOOK;SRC_EU_CDH,Tout=-5..15; Tsupply=35..55; PLR=0.25..1.00,目标PLR低于厂家最小能力点，采用EU 813/2013默认Cdh=0.9循环退化补点；不是厂家数据。 厂家表在本项目目标温区内最大制热量为11.2 kW；表格是否已含除霜未明确，未另乘除霜系数。
guanggu-v0.3-20260823,ASHP_BASE_01,air_source_heat_pump,Mitsubishi Electric,PUHZ-HW140V/YHA2(-BS),central;distributed,heating,0.0,,45.0,,0.5,,1,2.708663,,1.0,,0.294643,11.2,,,,,,,,0,1,0,SRC_ASHP_MITSU_DATABOOK,Tout=-5..15; Tsupply=35..55; PLR=0.25..1.00,在厂家Min与Mid能力点之间按能力比线性插值。 厂家表在本项目目标温区内最大制热量为11.2 kW；表格是否已含除霜未明确，未另乘除霜系数。
guanggu-v0.3-20260823,ASHP_BASE_01,air_source_heat_pump,Mitsubishi Electric,PUHZ-HW140V/YHA2(-BS),central;distributed,heating,0.0,,45.0,,0.75,,1,2.77369,,1.0,,0.294643,11.2,,,,,,,,0,1,0,SRC_ASHP_MITSU_DATABOOK,Tout=-5..15; Tsupply=35..55; PLR=0.25..1.00,在厂家Mid与Max/Nominal能力点之间按能力比线性插值。 厂家表在本项目目标温区内最大制热量为11.2 kW；表格是否已含除霜未明确，未另乘除霜系数。
guanggu-v0.3-20260823,ASHP_BASE_01,air_source_heat_pump,Mitsubishi Electric,PUHZ-HW140V/YHA2(-BS),central;distributed,heating,0.0,,45.0,,1.0,,1,2.494444,,1.0,,0.294643,11.2,,,,,,,,0,1,0,SRC_ASHP_MITSU_DATABOOK,Tout=-5..15; Tsupply=35..55; PLR=0.25..1.00,厂家相邻室外温度Max/Nominal点线性插值。 厂家表在本项目目标温区内最大制热量为11.2 kW；表格是否已含除霜未明确，未另乘除霜系数。
guanggu-v0.3-20260823,ASHP_BASE_01,air_source_heat_pump,Mitsubishi Electric,PUHZ-HW140V/YHA2(-BS),central;distributed,heating,0.0,,55.0,,0.25,,1,1.530253,,1.0,,0.265873,11.2,,,,,,,,0,0,1,SRC_ASHP_MITSU_DATABOOK;SRC_EU_CDH,Tout=-5..15; Tsupply=35..55; PLR=0.25..1.00,目标PLR低于厂家最小能力点，采用EU 813/2013默认Cdh=0.9循环退化补点；不是厂家数据。 厂家表在本项目目标温区内最大制热量为11.2 kW；表格是否已含除霜未明确，未另乘除霜系数。
guanggu-v0.3-20260823,ASHP_BASE_01,air_source_heat_pump,Mitsubishi Electric,PUHZ-HW140V/YHA2(-BS),central;distributed,heating,0.0,,55.0,,0.5,,1,1.902827,,1.0,,0.265873,11.2,,,,,,,,0,1,0,SRC_ASHP_MITSU_DATABOOK,Tout=-5..15; Tsupply=35..55; PLR=0.25..1.00,在厂家Min与Mid能力点之间按能力比线性插值。 厂家表在本项目目标温区内最大制热量为11.2 kW；表格是否已含除霜未明确，未另乘除霜系数。
guanggu-v0.3-20260823,ASHP_BASE_01,air_source_heat_pump,Mitsubishi Electric,PUHZ-HW140V/YHA2(-BS),central;distributed,heating,0.0,,55.0,,0.75,,1,2.146681,,1.0,,0.265873,11.2,,,,,,,,0,1,0,SRC_ASHP_MITSU_DATABOOK,Tout=-5..15; Tsupply=35..55; PLR=0.25..1.00,在厂家Mid与Max/Nominal能力点之间按能力比线性插值。 厂家表在本项目目标温区内最大制热量为11.2 kW；表格是否已含除霜未明确，未另乘除霜系数。
guanggu-v0.3-20260823,ASHP_BASE_01,air_source_heat_pump,Mitsubishi Electric,PUHZ-HW140V/YHA2(-BS),central;distributed,heating,0.0,,55.0,,1.0,,1,1.977778,,1.0,,0.265873,11.2,,,,,,,,0,1,0,SRC_ASHP_MITSU_DATABOOK,Tout=-5..15; Tsupply=35..55; PLR=0.25..1.00,厂家相邻室外温度Max/Nominal点线性插值。 厂家表在本项目目标温区内最大制热量为11.2 kW；表格是否已含除霜未明确，未另乘除霜系数。
guanggu-v0.3-20260823,ASHP_BASE_01,air_source_heat_pump,Mitsubishi Electric,PUHZ-HW140V/YHA2(-BS),central;distributed,heating,5.0,,35.0,,0.25,,1,3.827339,,1.0,,0.385714,11.2,,,,,,,,0,0,1,SRC_ASHP_MITSU_DATABOOK;SRC_EU_CDH,Tout=-5..15; Tsupply=35..55; PLR=0.25..1.00,目标PLR低于厂家最小能力点，采用EU 813/2013默认Cdh=0.9循环退化补点；不是厂家数据。 厂家表在本项目目标温区内最大制热量为11.2 kW；表格是否已含除霜未明确，未另乘除霜系数。
guanggu-v0.3-20260823,ASHP_BASE_01,air_source_heat_pump,Mitsubishi Electric,PUHZ-HW140V/YHA2(-BS),central;distributed,heating,5.0,,35.0,,0.5,,1,4.325185,,1.0,,0.385714,11.2,,,,,,,,0,1,0,SRC_ASHP_MITSU_DATABOOK,Tout=-5..15; Tsupply=35..55; PLR=0.25..1.00,在厂家Min与Mid能力点之间按能力比线性插值。 厂家表在本项目目标温区内最大制热量为11.2 kW；表格是否已含除霜未明确，未另乘除霜系数。
guanggu-v0.3-20260823,ASHP_BASE_01,air_source_heat_pump,Mitsubishi Electric,PUHZ-HW140V/YHA2(-BS),central;distributed,heating,5.0,,35.0,,0.75,,1,4.266615,,1.0,,0.385714,11.2,,,,,,,,0,1,0,SRC_ASHP_MITSU_DATABOOK,Tout=-5..15; Tsupply=35..55; PLR=0.25..1.00,在厂家Mid与Max/Nominal能力点之间按能力比线性插值。 厂家表在本项目目标温区内最大制热量为11.2 kW；表格是否已含除霜未明确，未另乘除霜系数。
guanggu-v0.3-20260823,ASHP_BASE_01,air_source_heat_pump,Mitsubishi Electric,PUHZ-HW140V/YHA2(-BS),central;distributed,heating,5.0,,35.0,,1.0,,1,3.902,,1.0,,0.385714,11.2,,,,,,,,0,1,0,SRC_ASHP_MITSU_DATABOOK,Tout=-5..15; Tsupply=35..55; PLR=0.25..1.00,厂家相邻室外温度Max/Nominal点线性插值。 厂家表在本项目目标温区内最大制热量为11.2 kW；表格是否已含除霜未明确，未另乘除霜系数。
guanggu-v0.3-20260823,ASHP_BASE_01,air_source_heat_pump,Mitsubishi Electric,PUHZ-HW140V/YHA2(-BS),central;distributed,heating,5.0,,45.0,,0.25,,1,2.776446,,1.0,,0.360714,11.2,,,,,,,,0,0,1,SRC_ASHP_MITSU_DATABOOK;SRC_EU_CDH,Tout=-5..15; Tsupply=35..55; PLR=0.25..1.00,目标PLR低于厂家最小能力点，采用EU 813/2013默认Cdh=0.9循环退化补点；不是厂家数据。 厂家表在本项目目标温区内最大制热量为11.2 kW；表格是否已含除霜未明确，未另乘除霜系数。
guanggu-v0.3-20260823,ASHP_BASE_01,air_source_heat_pump,Mitsubishi Electric,PUHZ-HW140V/YHA2(-BS),central;distributed,heating,5.0,,45.0,,0.5,,1,3.248963,,1.0,,0.360714,11.2,,,,,,,,0,1,0,SRC_ASHP_MITSU_DATABOOK,Tout=-5..15; Tsupply=35..55; PLR=0.25..1.00,在厂家Min与Mid能力点之间按能力比线性插值。 厂家表在本项目目标温区内最大制热量为11.2 kW；表格是否已含除霜未明确，未另乘除霜系数。
guanggu-v0.3-20260823,ASHP_BASE_01,air_source_heat_pump,Mitsubishi Electric,PUHZ-HW140V/YHA2(-BS),central;distributed,heating,5.0,,45.0,,0.75,,1,3.340857,,1.0,,0.360714,11.2,,,,,,,,0,1,0,SRC_ASHP_MITSU_DATABOOK,Tout=-5..15; Tsupply=35..55; PLR=0.25..1.00,在厂家Mid与Max/Nominal能力点之间按能力比线性插值。 厂家表在本项目目标温区内最大制热量为11.2 kW；表格是否已含除霜未明确，未另乘除霜系数。
guanggu-v0.3-20260823,ASHP_BASE_01,air_source_heat_pump,Mitsubishi Electric,PUHZ-HW140V/YHA2(-BS),central;distributed,heating,5.0,,45.0,,1.0,,1,3.078,,1.0,,0.360714,11.2,,,,,,,,0,1,0,SRC_ASHP_MITSU_DATABOOK,Tout=-5..15; Tsupply=35..55; PLR=0.25..1.00,厂家相邻室外温度Max/Nominal点线性插值。 厂家表在本项目目标温区内最大制热量为11.2 kW；表格是否已含除霜未明确，未另乘除霜系数。
guanggu-v0.3-20260823,ASHP_BASE_01,air_source_heat_pump,Mitsubishi Electric,PUHZ-HW140V/YHA2(-BS),central;distributed,heating,5.0,,55.0,,0.25,,1,1.875253,,1.0,,0.35,11.2,,,,,,,,0,0,1,SRC_ASHP_MITSU_DATABOOK;SRC_EU_CDH,Tout=-5..15; Tsupply=35..55; PLR=0.25..1.00,目标PLR低于厂家最小能力点，采用EU 813/2013默认Cdh=0.9循环退化补点；不是厂家数据。 厂家表在本项目目标温区内最大制热量为11.2 kW；表格是否已含除霜未明确，未另乘除霜系数。
guanggu-v0.3-20260823,ASHP_BASE_01,air_source_heat_pump,Mitsubishi Electric,PUHZ-HW140V/YHA2(-BS),central;distributed,heating,5.0,,55.0,,0.5,,1,2.279067,,1.0,,0.35,11.2,,,,,,,,0,1,0,SRC_ASHP_MITSU_DATABOOK,Tout=-5..15; Tsupply=35..55; PLR=0.25..1.00,在厂家Min与Mid能力点之间按能力比线性插值。 厂家表在本项目目标温区内最大制热量为11.2 kW；表格是否已含除霜未明确，未另乘除霜系数。
guanggu-v0.3-20260823,ASHP_BASE_01,air_source_heat_pump,Mitsubishi Electric,PUHZ-HW140V/YHA2(-BS),central;distributed,heating,5.0,,55.0,,0.75,,1,2.482826,,1.0,,0.35,11.2,,,,,,,,0,1,0,SRC_ASHP_MITSU_DATABOOK,Tout=-5..15; Tsupply=35..55; PLR=0.25..1.00,在厂家Mid与Max/Nominal能力点之间按能力比线性插值。 厂家表在本项目目标温区内最大制热量为11.2 kW；表格是否已含除霜未明确，未另乘除霜系数。
guanggu-v0.3-20260823,ASHP_BASE_01,air_source_heat_pump,Mitsubishi Electric,PUHZ-HW140V/YHA2(-BS),central;distributed,heating,5.0,,55.0,,1.0,,1,2.32,,1.0,,0.35,11.2,,,,,,,,0,1,0,SRC_ASHP_MITSU_DATABOOK,Tout=-5..15; Tsupply=35..55; PLR=0.25..1.00,厂家相邻室外温度Max/Nominal点线性插值。 厂家表在本项目目标温区内最大制热量为11.2 kW；表格是否已含除霜未明确，未另乘除霜系数。
guanggu-v0.3-20260823,ASHP_BASE_01,air_source_heat_pump,Mitsubishi Electric,PUHZ-HW140V/YHA2(-BS),central;distributed,heating,10.0,,35.0,,0.25,,1,4.134114,,1.0,,0.410714,11.2,,,,,,,,0,0,1,SRC_ASHP_MITSU_DATABOOK;SRC_EU_CDH,Tout=-5..15; Tsupply=35..55; PLR=0.25..1.00,目标PLR低于厂家最小能力点，采用EU 813/2013默认Cdh=0.9循环退化补点；不是厂家数据。 厂家表在本项目目标温区内最大制热量为11.2 kW；表格是否已含除霜未明确，未另乘除霜系数。
guanggu-v0.3-20260823,ASHP_BASE_01,air_source_heat_pump,Mitsubishi Electric,PUHZ-HW140V/YHA2(-BS),central;distributed,heating,10.0,,35.0,,0.5,,1,4.692667,,1.0,,0.410714,11.2,,,,,,,,0,1,0,SRC_ASHP_MITSU_DATABOOK,Tout=-5..15; Tsupply=35..55; PLR=0.25..1.00,在厂家Min与Mid能力点之间按能力比线性插值。 厂家表在本项目目标温区内最大制热量为11.2 kW；表格是否已含除霜未明确，未另乘除霜系数。
guanggu-v0.3-20260823,ASHP_BASE_01,air_source_heat_pump,Mitsubishi Electric,PUHZ-HW140V/YHA2(-BS),central;distributed,heating,10.0,,35.0,,0.75,,1,4.646889,,1.0,,0.410714,11.2,,,,,,,,0,1,0,SRC_ASHP_MITSU_DATABOOK,Tout=-5..15; Tsupply=35..55; PLR=0.25..1.00,在厂家Mid与Max/Nominal能力点之间按能力比线性插值。 厂家表在本项目目标温区内最大制热量为11.2 kW；表格是否已含除霜未明确，未另乘除霜系数。
guanggu-v0.3-20260823,ASHP_BASE_01,air_source_heat_pump,Mitsubishi Electric,PUHZ-HW140V/YHA2(-BS),central;distributed,heating,10.0,,35.0,,1.0,,1,4.538,,1.0,,0.410714,11.2,,,,,,,,0,1,0,SRC_ASHP_MITSU_DATABOOK,Tout=-5..15; Tsupply=35..55; PLR=0.25..1.00,厂家相邻室外温度Max/Nominal点线性插值。 厂家表在本项目目标温区内最大制热量为11.2 kW；表格是否已含除霜未明确，未另乘除霜系数。
guanggu-v0.3-20260823,ASHP_BASE_01,air_source_heat_pump,Mitsubishi Electric,PUHZ-HW140V/YHA2(-BS),central;distributed,heating,10.0,,45.0,,0.25,,1,3.060434,,1.0,,0.392857,11.2,,,,,,,,0,0,1,SRC_ASHP_MITSU_DATABOOK;SRC_EU_CDH,Tout=-5..15; Tsupply=35..55; PLR=0.25..1.00,目标PLR低于厂家最小能力点，采用EU 813/2013默认Cdh=0.9循环退化补点；不是厂家数据。 厂家表在本项目目标温区内最大制热量为11.2 kW；表格是否已含除霜未明确，未另乘除霜系数。
guanggu-v0.3-20260823,ASHP_BASE_01,air_source_heat_pump,Mitsubishi Electric,PUHZ-HW140V/YHA2(-BS),central;distributed,heating,10.0,,45.0,,0.5,,1,3.5764,,1.0,,0.392857,11.2,,,,,,,,0,1,0,SRC_ASHP_MITSU_DATABOOK,Tout=-5..15; Tsupply=35..55; PLR=0.25..1.00,在厂家Min与Mid能力点之间按能力比线性插值。 厂家表在本项目目标温区内最大制热量为11.2 kW；表格是否已含除霜未明确，未另乘除霜系数。
guanggu-v0.3-20260823,ASHP_BASE_01,air_source_heat_pump,Mitsubishi Electric,PUHZ-HW140V/YHA2(-BS),central;distributed,heating,10.0,,45.0,,0.75,,1,3.695158,,1.0,,0.392857,11.2,,,,,,,,0,1,0,SRC_ASHP_MITSU_DATABOOK,Tout=-5..15; Tsupply=35..55; PLR=0.25..1.00,在厂家Mid与Max/Nominal能力点之间按能力比线性插值。 厂家表在本项目目标温区内最大制热量为11.2 kW；表格是否已含除霜未明确，未另乘除霜系数。
guanggu-v0.3-20260823,ASHP_BASE_01,air_source_heat_pump,Mitsubishi Electric,PUHZ-HW140V/YHA2(-BS),central;distributed,heating,10.0,,45.0,,1.0,,1,3.48,,1.0,,0.392857,11.2,,,,,,,,0,1,0,SRC_ASHP_MITSU_DATABOOK,Tout=-5..15; Tsupply=35..55; PLR=0.25..1.00,厂家相邻室外温度Max/Nominal点线性插值。 厂家表在本项目目标温区内最大制热量为11.2 kW；表格是否已含除霜未明确，未另乘除霜系数。
guanggu-v0.3-20260823,ASHP_BASE_01,air_source_heat_pump,Mitsubishi Electric,PUHZ-HW140V/YHA2(-BS),central;distributed,heating,10.0,,55.0,,0.25,,1,2.101273,,1.0,,0.392857,11.2,,,,,,,,0,0,1,SRC_ASHP_MITSU_DATABOOK;SRC_EU_CDH,Tout=-5..15; Tsupply=35..55; PLR=0.25..1.00,目标PLR低于厂家最小能力点，采用EU 813/2013默认Cdh=0.9循环退化补点；不是厂家数据。 厂家表在本项目目标温区内最大制热量为11.2 kW；表格是否已含除霜未明确，未另乘除霜系数。
guanggu-v0.3-20260823,ASHP_BASE_01,air_source_heat_pump,Mitsubishi Electric,PUHZ-HW140V/YHA2(-BS),central;distributed,heating,10.0,,55.0,,0.5,,1,2.52425,,1.0,,0.392857,11.2,,,,,,,,0,1,0,SRC_ASHP_MITSU_DATABOOK,Tout=-5..15; Tsupply=35..55; PLR=0.25..1.00,在厂家Min与Mid能力点之间按能力比线性插值。 厂家表在本项目目标温区内最大制热量为11.2 kW；表格是否已含除霜未明确，未另乘除霜系数。
guanggu-v0.3-20260823,ASHP_BASE_01,air_source_heat_pump,Mitsubishi Electric,PUHZ-HW140V/YHA2(-BS),central;distributed,heating,10.0,,55.0,,0.75,,1,2.734222,,1.0,,0.392857,11.2,,,,,,,,0,1,0,SRC_ASHP_MITSU_DATABOOK,Tout=-5..15; Tsupply=35..55; PLR=0.25..1.00,在厂家Mid与Max/Nominal能力点之间按能力比线性插值。 厂家表在本项目目标温区内最大制热量为11.2 kW；表格是否已含除霜未明确，未另乘除霜系数。
guanggu-v0.3-20260823,ASHP_BASE_01,air_source_heat_pump,Mitsubishi Electric,PUHZ-HW140V/YHA2(-BS),central;distributed,heating,10.0,,55.0,,1.0,,1,2.546,,1.0,,0.392857,11.2,,,,,,,,0,1,0,SRC_ASHP_MITSU_DATABOOK,Tout=-5..15; Tsupply=35..55; PLR=0.25..1.00,厂家相邻室外温度Max/Nominal点线性插值。 厂家表在本项目目标温区内最大制热量为11.2 kW；表格是否已含除霜未明确，未另乘除霜系数。
guanggu-v0.3-20260823,ASHP_BASE_01,air_source_heat_pump,Mitsubishi Electric,PUHZ-HW140V/YHA2(-BS),central;distributed,heating,15.0,,35.0,,0.25,,1,4.301237,,1.0,,0.410714,11.2,,,,,,,,0,0,1,SRC_ASHP_MITSU_DATABOOK;SRC_EU_CDH,Tout=-5..15; Tsupply=35..55; PLR=0.25..1.00,目标PLR低于厂家最小能力点，采用EU 813/2013默认Cdh=0.9循环退化补点；不是厂家数据。 厂家表在本项目目标温区内最大制热量为11.2 kW；表格是否已含除霜未明确，未另乘除霜系数。
guanggu-v0.3-20260823,ASHP_BASE_01,air_source_heat_pump,Mitsubishi Electric,PUHZ-HW140V/YHA2(-BS),central;distributed,heating,15.0,,35.0,,0.5,,1,4.933333,,1.0,,0.410714,11.2,,,,,,,,0,1,0,SRC_ASHP_MITSU_DATABOOK,Tout=-5..15; Tsupply=35..55; PLR=0.25..1.00,在厂家Min与Mid能力点之间按能力比线性插值。 厂家表在本项目目标温区内最大制热量为11.2 kW；表格是否已含除霜未明确，未另乘除霜系数。
guanggu-v0.3-20260823,ASHP_BASE_01,air_source_heat_pump,Mitsubishi Electric,PUHZ-HW140V/YHA2(-BS),central;distributed,heating,15.0,,35.0,,0.75,,1,4.955556,,1.0,,0.410714,11.2,,,,,,,,0,1,0,SRC_ASHP_MITSU_DATABOOK,Tout=-5..15; Tsupply=35..55; PLR=0.25..1.00,在厂家Mid与Max/Nominal能力点之间按能力比线性插值。 厂家表在本项目目标温区内最大制热量为11.2 kW；表格是否已含除霜未明确，未另乘除霜系数。
guanggu-v0.3-20260823,ASHP_BASE_01,air_source_heat_pump,Mitsubishi Electric,PUHZ-HW140V/YHA2(-BS),central;distributed,heating,15.0,,35.0,,1.0,,1,4.73,,1.0,,0.410714,11.2,,,,,,,,1,0,0,SRC_ASHP_MITSU_DATABOOK,Tout=-5..15; Tsupply=35..55; PLR=0.25..1.00,厂家表Max/Nominal原始点。 厂家表在本项目目标温区内最大制热量为11.2 kW；表格是否已含除霜未明确，未另乘除霜系数。
guanggu-v0.3-20260823,ASHP_BASE_01,air_source_heat_pump,Mitsubishi Electric,PUHZ-HW140V/YHA2(-BS),central;distributed,heating,15.0,,45.0,,0.25,,1,3.181538,,1.0,,0.401786,11.2,,,,,,,,0,0,1,SRC_ASHP_MITSU_DATABOOK;SRC_EU_CDH,Tout=-5..15; Tsupply=35..55; PLR=0.25..1.00,目标PLR低于厂家最小能力点，采用EU 813/2013默认Cdh=0.9循环退化补点；不是厂家数据。 厂家表在本项目目标温区内最大制热量为11.2 kW；表格是否已含除霜未明确，未另乘除霜系数。
guanggu-v0.3-20260823,ASHP_BASE_01,air_source_heat_pump,Mitsubishi Electric,PUHZ-HW140V/YHA2(-BS),central;distributed,heating,15.0,,45.0,,0.5,,1,3.728966,,1.0,,0.401786,11.2,,,,,,,,0,1,0,SRC_ASHP_MITSU_DATABOOK,Tout=-5..15; Tsupply=35..55; PLR=0.25..1.00,在厂家Min与Mid能力点之间按能力比线性插值。 厂家表在本项目目标温区内最大制热量为11.2 kW；表格是否已含除霜未明确，未另乘除霜系数。
guanggu-v0.3-20260823,ASHP_BASE_01,air_source_heat_pump,Mitsubishi Electric,PUHZ-HW140V/YHA2(-BS),central;distributed,heating,15.0,,45.0,,0.75,,1,3.855789,,1.0,,0.401786,11.2,,,,,,,,0,1,0,SRC_ASHP_MITSU_DATABOOK,Tout=-5..15; Tsupply=35..55; PLR=0.25..1.00,在厂家Mid与Max/Nominal能力点之间按能力比线性插值。 厂家表在本项目目标温区内最大制热量为11.2 kW；表格是否已含除霜未明确，未另乘除霜系数。
guanggu-v0.3-20260823,ASHP_BASE_01,air_source_heat_pump,Mitsubishi Electric,PUHZ-HW140V/YHA2(-BS),central;distributed,heating,15.0,,45.0,,1.0,,1,3.62,,1.0,,0.401786,11.2,,,,,,,,1,0,0,SRC_ASHP_MITSU_DATABOOK,Tout=-5..15; Tsupply=35..55; PLR=0.25..1.00,厂家表Max/Nominal原始点。 厂家表在本项目目标温区内最大制热量为11.2 kW；表格是否已含除霜未明确，未另乘除霜系数。
guanggu-v0.3-20260823,ASHP_BASE_01,air_source_heat_pump,Mitsubishi Electric,PUHZ-HW140V/YHA2(-BS),central;distributed,heating,15.0,,55.0,,0.25,,1,2.193636,,1.0,,0.392857,11.2,,,,,,,,0,0,1,SRC_ASHP_MITSU_DATABOOK;SRC_EU_CDH,Tout=-5..15; Tsupply=35..55; PLR=0.25..1.00,目标PLR低于厂家最小能力点，采用EU 813/2013默认Cdh=0.9循环退化补点；不是厂家数据。 厂家表在本项目目标温区内最大制热量为11.2 kW；表格是否已含除霜未明确，未另乘除霜系数。
guanggu-v0.3-20260823,ASHP_BASE_01,air_source_heat_pump,Mitsubishi Electric,PUHZ-HW140V/YHA2(-BS),central;distributed,heating,15.0,,55.0,,0.5,,1,2.63875,,1.0,,0.392857,11.2,,,,,,,,0,1,0,SRC_ASHP_MITSU_DATABOOK,Tout=-5..15; Tsupply=35..55; PLR=0.25..1.00,在厂家Min与Mid能力点之间按能力比线性插值。 厂家表在本项目目标温区内最大制热量为11.2 kW；表格是否已含除霜未明确，未另乘除霜系数。
guanggu-v0.3-20260823,ASHP_BASE_01,air_source_heat_pump,Mitsubishi Electric,PUHZ-HW140V/YHA2(-BS),central;distributed,heating,15.0,,55.0,,0.75,,1,2.86,,1.0,,0.392857,11.2,,,,,,,,0,1,0,SRC_ASHP_MITSU_DATABOOK,Tout=-5..15; Tsupply=35..55; PLR=0.25..1.00,在厂家Mid与Max/Nominal能力点之间按能力比线性插值。 厂家表在本项目目标温区内最大制热量为11.2 kW；表格是否已含除霜未明确，未另乘除霜系数。
guanggu-v0.3-20260823,ASHP_BASE_01,air_source_heat_pump,Mitsubishi Electric,PUHZ-HW140V/YHA2(-BS),central;distributed,heating,15.0,,55.0,,1.0,,1,2.65,,1.0,,0.392857,11.2,,,,,,,,1,0,0,SRC_ASHP_MITSU_DATABOOK,Tout=-5..15; Tsupply=35..55; PLR=0.25..1.00,厂家表Max/Nominal原始点。 厂家表在本项目目标温区内最大制热量为11.2 kW；表格是否已含除霜未明确，未另乘除霜系数。
guanggu-v0.3-20260823,WSHP_GSHP_BASE_01,water_ground_source_heat_pump,,,building;district,heating,,5.0,35.0,,0.25,,1,2.659402,,0.9776,,0.25,,,,,,,,,0,0,1,SRC_WSHP_METHOD;SRC_WSHP_TRANE_CHECK;SRC_WSHP_CARRIER_CHECK,Tsource=5..20; Tsupply=35..55; PLR=0.25..1.00,公式化工程假设：Carnot有效度0.40、两侧端差3 K、Cdh=0.9；Trane EXW/Carrier 61WG仅用于设备类型与温度边界核验，未将本行声称为厂家曲线。
guanggu-v0.3-20260823,WSHP_GSHP_BASE_01,water_ground_source_heat_pump,,,building;district,heating,,5.0,35.0,,0.5,,1,3.142929,,0.9776,,0.25,,,,,,,,,0,0,1,SRC_WSHP_METHOD;SRC_WSHP_TRANE_CHECK;SRC_WSHP_CARRIER_CHECK,Tsource=5..20; Tsupply=35..55; PLR=0.25..1.00,公式化工程假设：Carnot有效度0.40、两侧端差3 K、Cdh=0.9；Trane EXW/Carrier 61WG仅用于设备类型与温度边界核验，未将本行声称为厂家曲线。
guanggu-v0.3-20260823,WSHP_GSHP_BASE_01,water_ground_source_heat_pump,,,building;district,heating,,5.0,35.0,,0.75,,1,3.345699,,0.9776,,0.25,,,,,,,,,0,0,1,SRC_WSHP_METHOD;SRC_WSHP_TRANE_CHECK;SRC_WSHP_CARRIER_CHECK,Tsource=5..20; Tsupply=35..55; PLR=0.25..1.00,公式化工程假设：Carnot有效度0.40、两侧端差3 K、Cdh=0.9；Trane EXW/Carrier 61WG仅用于设备类型与温度边界核验，未将本行声称为厂家曲线。
guanggu-v0.3-20260823,WSHP_GSHP_BASE_01,water_ground_source_heat_pump,,,building;district,heating,,5.0,35.0,,1.0,,1,3.457222,,0.9776,,0.25,,,,,,,,,0,0,1,SRC_WSHP_METHOD;SRC_WSHP_TRANE_CHECK;SRC_WSHP_CARRIER_CHECK,Tsource=5..20; Tsupply=35..55; PLR=0.25..1.00,公式化工程假设：Carnot有效度0.40、两侧端差3 K、Cdh=0.9；Trane EXW/Carrier 61WG仅用于设备类型与温度边界核验，未将本行声称为厂家曲线。
guanggu-v0.3-20260823,WSHP_GSHP_BASE_01,water_ground_source_heat_pump,,,building;district,heating,,5.0,45.0,,0.25,,1,2.148161,,0.94,,0.25,,,,,,,,,0,0,1,SRC_WSHP_METHOD;SRC_WSHP_TRANE_CHECK;SRC_WSHP_CARRIER_CHECK,Tsource=5..20; Tsupply=35..55; PLR=0.25..1.00,公式化工程假设：Carnot有效度0.40、两侧端差3 K、Cdh=0.9；Trane EXW/Carrier 61WG仅用于设备类型与温度边界核验，未将本行声称为厂家曲线。
guanggu-v0.3-20260823,WSHP_GSHP_BASE_01,water_ground_source_heat_pump,,,building;district,heating,,5.0,45.0,,0.5,,1,2.538735,,0.94,,0.25,,,,,,,,,0,0,1,SRC_WSHP_METHOD;SRC_WSHP_TRANE_CHECK;SRC_WSHP_CARRIER_CHECK,Tsource=5..20; Tsupply=35..55; PLR=0.25..1.00,公式化工程假设：Carnot有效度0.40、两侧端差3 K、Cdh=0.9；Trane EXW/Carrier 61WG仅用于设备类型与温度边界核验，未将本行声称为厂家曲线。
guanggu-v0.3-20260823,WSHP_GSHP_BASE_01,water_ground_source_heat_pump,,,building;district,heating,,5.0,45.0,,0.75,,1,2.702525,,0.94,,0.25,,,,,,,,,0,0,1,SRC_WSHP_METHOD;SRC_WSHP_TRANE_CHECK;SRC_WSHP_CARRIER_CHECK,Tsource=5..20; Tsupply=35..55; PLR=0.25..1.00,公式化工程假设：Carnot有效度0.40、两侧端差3 K、Cdh=0.9；Trane EXW/Carrier 61WG仅用于设备类型与温度边界核验，未将本行声称为厂家曲线。
guanggu-v0.3-20260823,WSHP_GSHP_BASE_01,water_ground_source_heat_pump,,,building;district,heating,,5.0,45.0,,1.0,,1,2.792609,,0.94,,0.25,,,,,,,,,0,0,1,SRC_WSHP_METHOD;SRC_WSHP_TRANE_CHECK;SRC_WSHP_CARRIER_CHECK,Tsource=5..20; Tsupply=35..55; PLR=0.25..1.00,公式化工程假设：Carnot有效度0.40、两侧端差3 K、Cdh=0.9；Trane EXW/Carrier 61WG仅用于设备类型与温度边界核验，未将本行声称为厂家曲线。
guanggu-v0.3-20260823,WSHP_GSHP_BASE_01,water_ground_source_heat_pump,,,building;district,heating,,5.0,55.0,,0.25,,1,1.819505,,0.9024,,0.25,,,,,,,,,0,0,1,SRC_WSHP_METHOD;SRC_WSHP_TRANE_CHECK;SRC_WSHP_CARRIER_CHECK,Tsource=5..20; Tsupply=35..55; PLR=0.25..1.00,公式化工程假设：Carnot有效度0.40、两侧端差3 K、Cdh=0.9；Trane EXW/Carrier 61WG仅用于设备类型与温度边界核验，未将本行声称为厂家曲线。
guanggu-v0.3-20260823,WSHP_GSHP_BASE_01,water_ground_source_heat_pump,,,building;district,heating,,5.0,55.0,,0.5,,1,2.150325,,0.9024,,0.25,,,,,,,,,0,0,1,SRC_WSHP_METHOD;SRC_WSHP_TRANE_CHECK;SRC_WSHP_CARRIER_CHECK,Tsource=5..20; Tsupply=35..55; PLR=0.25..1.00,公式化工程假设：Carnot有效度0.40、两侧端差3 K、Cdh=0.9；Trane EXW/Carrier 61WG仅用于设备类型与温度边界核验，未将本行声称为厂家曲线。
guanggu-v0.3-20260823,WSHP_GSHP_BASE_01,water_ground_source_heat_pump,,,building;district,heating,,5.0,55.0,,0.75,,1,2.289055,,0.9024,,0.25,,,,,,,,,0,0,1,SRC_WSHP_METHOD;SRC_WSHP_TRANE_CHECK;SRC_WSHP_CARRIER_CHECK,Tsource=5..20; Tsupply=35..55; PLR=0.25..1.00,公式化工程假设：Carnot有效度0.40、两侧端差3 K、Cdh=0.9；Trane EXW/Carrier 61WG仅用于设备类型与温度边界核验，未将本行声称为厂家曲线。
guanggu-v0.3-20260823,WSHP_GSHP_BASE_01,water_ground_source_heat_pump,,,building;district,heating,,5.0,55.0,,1.0,,1,2.365357,,0.9024,,0.25,,,,,,,,,0,0,1,SRC_WSHP_METHOD;SRC_WSHP_TRANE_CHECK;SRC_WSHP_CARRIER_CHECK,Tsource=5..20; Tsupply=35..55; PLR=0.25..1.00,公式化工程假设：Carnot有效度0.40、两侧端差3 K、Cdh=0.9；Trane EXW/Carrier 61WG仅用于设备类型与温度边界核验，未将本行声称为厂家曲线。
guanggu-v0.3-20260823,WSHP_GSHP_BASE_01,water_ground_source_heat_pump,,,building;district,heating,,10.0,35.0,,0.25,,1,3.088337,,1.0,,0.25,,,,,,,,,0,0,1,SRC_WSHP_METHOD;SRC_WSHP_TRANE_CHECK;SRC_WSHP_CARRIER_CHECK,Tsource=5..20; Tsupply=35..55; PLR=0.25..1.00,公式化工程假设：Carnot有效度0.40、两侧端差3 K、Cdh=0.9；Trane EXW/Carrier 61WG仅用于设备类型与温度边界核验，未将本行声称为厂家曲线。
guanggu-v0.3-20260823,WSHP_GSHP_BASE_01,water_ground_source_heat_pump,,,building;district,heating,,10.0,35.0,,0.5,,1,3.649853,,1.0,,0.25,,,,,,,,,0,0,1,SRC_WSHP_METHOD;SRC_WSHP_TRANE_CHECK;SRC_WSHP_CARRIER_CHECK,Tsource=5..20; Tsupply=35..55; PLR=0.25..1.00,公式化工程假设：Carnot有效度0.40、两侧端差3 K、Cdh=0.9；Trane EXW/Carrier 61WG仅用于设备类型与温度边界核验，未将本行声称为厂家曲线。
guanggu-v0.3-20260823,WSHP_GSHP_BASE_01,water_ground_source_heat_pump,,,building;district,heating,,10.0,35.0,,0.75,,1,3.885328,,1.0,,0.25,,,,,,,,,0,0,1,SRC_WSHP_METHOD;SRC_WSHP_TRANE_CHECK;SRC_WSHP_CARRIER_CHECK,Tsource=5..20; Tsupply=35..55; PLR=0.25..1.00,公式化工程假设：Carnot有效度0.40、两侧端差3 K、Cdh=0.9；Trane EXW/Carrier 61WG仅用于设备类型与温度边界核验，未将本行声称为厂家曲线。
guanggu-v0.3-20260823,WSHP_GSHP_BASE_01,water_ground_source_heat_pump,,,building;district,heating,,10.0,35.0,,1.0,,1,4.014839,,1.0,,0.25,,,,,,,,,0,0,1,SRC_WSHP_METHOD;SRC_WSHP_TRANE_CHECK;SRC_WSHP_CARRIER_CHECK,Tsource=5..20; Tsupply=35..55; PLR=0.25..1.00,公式化工程假设：Carnot有效度0.40、两侧端差3 K、Cdh=0.9；Trane EXW/Carrier 61WG仅用于设备类型与温度边界核验，未将本行声称为厂家曲线。
guanggu-v0.3-20260823,WSHP_GSHP_BASE_01,water_ground_source_heat_pump,,,building;district,heating,,10.0,45.0,,0.25,,1,2.410131,,1.0,,0.25,,,,,,,,,0,0,1,SRC_WSHP_METHOD;SRC_WSHP_TRANE_CHECK;SRC_WSHP_CARRIER_CHECK,Tsource=5..20; Tsupply=35..55; PLR=0.25..1.00,公式化工程假设：Carnot有效度0.40、两侧端差3 K、Cdh=0.9；Trane EXW/Carrier 61WG仅用于设备类型与温度边界核验，未将本行声称为厂家曲线。
guanggu-v0.3-20260823,WSHP_GSHP_BASE_01,water_ground_source_heat_pump,,,building;district,heating,,10.0,45.0,,0.5,,1,2.848337,,1.0,,0.25,,,,,,,,,0,0,1,SRC_WSHP_METHOD;SRC_WSHP_TRANE_CHECK;SRC_WSHP_CARRIER_CHECK,Tsource=5..20; Tsupply=35..55; PLR=0.25..1.00,公式化工程假设：Carnot有效度0.40、两侧端差3 K、Cdh=0.9；Trane EXW/Carrier 61WG仅用于设备类型与温度边界核验，未将本行声称为厂家曲线。
guanggu-v0.3-20260823,WSHP_GSHP_BASE_01,water_ground_source_heat_pump,,,building;district,heating,,10.0,45.0,,0.75,,1,3.032101,,1.0,,0.25,,,,,,,,,0,0,1,SRC_WSHP_METHOD;SRC_WSHP_TRANE_CHECK;SRC_WSHP_CARRIER_CHECK,Tsource=5..20; Tsupply=35..55; PLR=0.25..1.00,公式化工程假设：Carnot有效度0.40、两侧端差3 K、Cdh=0.9；Trane EXW/Carrier 61WG仅用于设备类型与温度边界核验，未将本行声称为厂家曲线。
guanggu-v0.3-20260823,WSHP_GSHP_BASE_01,water_ground_source_heat_pump,,,building;district,heating,,10.0,45.0,,1.0,,1,3.133171,,1.0,,0.25,,,,,,,,,0,0,1,SRC_WSHP_METHOD;SRC_WSHP_TRANE_CHECK;SRC_WSHP_CARRIER_CHECK,Tsource=5..20; Tsupply=35..55; PLR=0.25..1.00,公式化工程假设：Carnot有效度0.40、两侧端差3 K、Cdh=0.9；Trane EXW/Carrier 61WG仅用于设备类型与温度边界核验，未将本行声称为厂家曲线。
guanggu-v0.3-20260823,WSHP_GSHP_BASE_01,water_ground_source_heat_pump,,,building;district,heating,,10.0,55.0,,0.25,,1,1.997888,,0.96,,0.25,,,,,,,,,0,0,1,SRC_WSHP_METHOD;SRC_WSHP_TRANE_CHECK;SRC_WSHP_CARRIER_CHECK,Tsource=5..20; Tsupply=35..55; PLR=0.25..1.00,公式化工程假设：Carnot有效度0.40、两侧端差3 K、Cdh=0.9；Trane EXW/Carrier 61WG仅用于设备类型与温度边界核验，未将本行声称为厂家曲线。
guanggu-v0.3-20260823,WSHP_GSHP_BASE_01,water_ground_source_heat_pump,,,building;district,heating,,10.0,55.0,,0.5,,1,2.361141,,0.96,,0.25,,,,,,,,,0,0,1,SRC_WSHP_METHOD;SRC_WSHP_TRANE_CHECK;SRC_WSHP_CARRIER_CHECK,Tsource=5..20; Tsupply=35..55; PLR=0.25..1.00,公式化工程假设：Carnot有效度0.40、两侧端差3 K、Cdh=0.9；Trane EXW/Carrier 61WG仅用于设备类型与温度边界核验，未将本行声称为厂家曲线。
guanggu-v0.3-20260823,WSHP_GSHP_BASE_01,water_ground_source_heat_pump,,,building;district,heating,,10.0,55.0,,0.75,,1,2.513472,,0.96,,0.25,,,,,,,,,0,0,1,SRC_WSHP_METHOD;SRC_WSHP_TRANE_CHECK;SRC_WSHP_CARRIER_CHECK,Tsource=5..20; Tsupply=35..55; PLR=0.25..1.00,公式化工程假设：Carnot有效度0.40、两侧端差3 K、Cdh=0.9；Trane EXW/Carrier 61WG仅用于设备类型与温度边界核验，未将本行声称为厂家曲线。
guanggu-v0.3-20260823,WSHP_GSHP_BASE_01,water_ground_source_heat_pump,,,building;district,heating,,10.0,55.0,,1.0,,1,2.597255,,0.96,,0.25,,,,,,,,,0,0,1,SRC_WSHP_METHOD;SRC_WSHP_TRANE_CHECK;SRC_WSHP_CARRIER_CHECK,Tsource=5..20; Tsupply=35..55; PLR=0.25..1.00,公式化工程假设：Carnot有效度0.40、两侧端差3 K、Cdh=0.9；Trane EXW/Carrier 61WG仅用于设备类型与温度边界核验，未将本行声称为厂家曲线。
guanggu-v0.3-20260823,WSHP_GSHP_BASE_01,water_ground_source_heat_pump,,,building;district,heating,,15.0,35.0,,0.25,,1,3.682249,,1.0,,0.25,,,,,,,,,0,0,1,SRC_WSHP_METHOD;SRC_WSHP_TRANE_CHECK;SRC_WSHP_CARRIER_CHECK,Tsource=5..20; Tsupply=35..55; PLR=0.25..1.00,公式化工程假设：Carnot有效度0.40、两侧端差3 K、Cdh=0.9；Trane EXW/Carrier 61WG仅用于设备类型与温度边界核验，未将本行声称为厂家曲线。
guanggu-v0.3-20260823,WSHP_GSHP_BASE_01,water_ground_source_heat_pump,,,building;district,heating,,15.0,35.0,,0.5,,1,4.351748,,1.0,,0.25,,,,,,,,,0,0,1,SRC_WSHP_METHOD;SRC_WSHP_TRANE_CHECK;SRC_WSHP_CARRIER_CHECK,Tsource=5..20; Tsupply=35..55; PLR=0.25..1.00,公式化工程假设：Carnot有效度0.40、两侧端差3 K、Cdh=0.9；Trane EXW/Carrier 61WG仅用于设备类型与温度边界核验，未将本行声称为厂家曲线。
guanggu-v0.3-20260823,WSHP_GSHP_BASE_01,water_ground_source_heat_pump,,,building;district,heating,,15.0,35.0,,0.75,,1,4.632506,,1.0,,0.25,,,,,,,,,0,0,1,SRC_WSHP_METHOD;SRC_WSHP_TRANE_CHECK;SRC_WSHP_CARRIER_CHECK,Tsource=5..20; Tsupply=35..55; PLR=0.25..1.00,公式化工程假设：Carnot有效度0.40、两侧端差3 K、Cdh=0.9；Trane EXW/Carrier 61WG仅用于设备类型与温度边界核验，未将本行声称为厂家曲线。
guanggu-v0.3-20260823,WSHP_GSHP_BASE_01,water_ground_source_heat_pump,,,building;district,heating,,15.0,35.0,,1.0,,1,4.786923,,1.0,,0.25,,,,,,,,,0,0,1,SRC_WSHP_METHOD;SRC_WSHP_TRANE_CHECK;SRC_WSHP_CARRIER_CHECK,Tsource=5..20; Tsupply=35..55; PLR=0.25..1.00,公式化工程假设：Carnot有效度0.40、两侧端差3 K、Cdh=0.9；Trane EXW/Carrier 61WG仅用于设备类型与温度边界核验，未将本行声称为厂家曲线。
guanggu-v0.3-20260823,WSHP_GSHP_BASE_01,water_ground_source_heat_pump,,,building;district,heating,,15.0,45.0,,0.25,,1,2.744872,,1.0,,0.25,,,,,,,,,0,0,1,SRC_WSHP_METHOD;SRC_WSHP_TRANE_CHECK;SRC_WSHP_CARRIER_CHECK,Tsource=5..20; Tsupply=35..55; PLR=0.25..1.00,公式化工程假设：Carnot有效度0.40、两侧端差3 K、Cdh=0.9；Trane EXW/Carrier 61WG仅用于设备类型与温度边界核验，未将本行声称为厂家曲线。
guanggu-v0.3-20260823,WSHP_GSHP_BASE_01,water_ground_source_heat_pump,,,building;district,heating,,15.0,45.0,,0.5,,1,3.243939,,1.0,,0.25,,,,,,,,,0,0,1,SRC_WSHP_METHOD;SRC_WSHP_TRANE_CHECK;SRC_WSHP_CARRIER_CHECK,Tsource=5..20; Tsupply=35..55; PLR=0.25..1.00,公式化工程假设：Carnot有效度0.40、两侧端差3 K、Cdh=0.9；Trane EXW/Carrier 61WG仅用于设备类型与温度边界核验，未将本行声称为厂家曲线。
guanggu-v0.3-20260823,WSHP_GSHP_BASE_01,water_ground_source_heat_pump,,,building;district,heating,,15.0,45.0,,0.75,,1,3.453226,,1.0,,0.25,,,,,,,,,0,0,1,SRC_WSHP_METHOD;SRC_WSHP_TRANE_CHECK;SRC_WSHP_CARRIER_CHECK,Tsource=5..20; Tsupply=35..55; PLR=0.25..1.00,公式化工程假设：Carnot有效度0.40、两侧端差3 K、Cdh=0.9；Trane EXW/Carrier 61WG仅用于设备类型与温度边界核验，未将本行声称为厂家曲线。
guanggu-v0.3-20260823,WSHP_GSHP_BASE_01,water_ground_source_heat_pump,,,building;district,heating,,15.0,45.0,,1.0,,1,3.568333,,1.0,,0.25,,,,,,,,,0,0,1,SRC_WSHP_METHOD;SRC_WSHP_TRANE_CHECK;SRC_WSHP_CARRIER_CHECK,Tsource=5..20; Tsupply=35..55; PLR=0.25..1.00,公式化工程假设：Carnot有效度0.40、两侧端差3 K、Cdh=0.9；Trane EXW/Carrier 61WG仅用于设备类型与温度边界核验，未将本行声称为厂家曲线。
guanggu-v0.3-20260823,WSHP_GSHP_BASE_01,water_ground_source_heat_pump,,,building;district,heating,,15.0,55.0,,0.25,,1,2.21505,,1.0,,0.25,,,,,,,,,0,0,1,SRC_WSHP_METHOD;SRC_WSHP_TRANE_CHECK;SRC_WSHP_CARRIER_CHECK,Tsource=5..20; Tsupply=35..55; PLR=0.25..1.00,公式化工程假设：Carnot有效度0.40、两侧端差3 K、Cdh=0.9；Trane EXW/Carrier 61WG仅用于设备类型与温度边界核验，未将本行声称为厂家曲线。
guanggu-v0.3-20260823,WSHP_GSHP_BASE_01,water_ground_source_heat_pump,,,building;district,heating,,15.0,55.0,,0.5,,1,2.617787,,1.0,,0.25,,,,,,,,,0,0,1,SRC_WSHP_METHOD;SRC_WSHP_TRANE_CHECK;SRC_WSHP_CARRIER_CHECK,Tsource=5..20; Tsupply=35..55; PLR=0.25..1.00,公式化工程假设：Carnot有效度0.40、两侧端差3 K、Cdh=0.9；Trane EXW/Carrier 61WG仅用于设备类型与温度边界核验，未将本行声称为厂家曲线。
guanggu-v0.3-20260823,WSHP_GSHP_BASE_01,water_ground_source_heat_pump,,,building;district,heating,,15.0,55.0,,0.75,,1,2.786676,,1.0,,0.25,,,,,,,,,0,0,1,SRC_WSHP_METHOD;SRC_WSHP_TRANE_CHECK;SRC_WSHP_CARRIER_CHECK,Tsource=5..20; Tsupply=35..55; PLR=0.25..1.00,公式化工程假设：Carnot有效度0.40、两侧端差3 K、Cdh=0.9；Trane EXW/Carrier 61WG仅用于设备类型与温度边界核验，未将本行声称为厂家曲线。
guanggu-v0.3-20260823,WSHP_GSHP_BASE_01,water_ground_source_heat_pump,,,building;district,heating,,15.0,55.0,,1.0,,1,2.879565,,1.0,,0.25,,,,,,,,,0,0,1,SRC_WSHP_METHOD;SRC_WSHP_TRANE_CHECK;SRC_WSHP_CARRIER_CHECK,Tsource=5..20; Tsupply=35..55; PLR=0.25..1.00,公式化工程假设：Carnot有效度0.40、两侧端差3 K、Cdh=0.9；Trane EXW/Carrier 61WG仅用于设备类型与温度边界核验，未将本行声称为厂家曲线。
guanggu-v0.3-20260823,WSHP_GSHP_BASE_01,water_ground_source_heat_pump,,,building;district,heating,,20.0,35.0,,0.25,,1,4.558974,,1.0,,0.25,,,,,,,,,0,0,1,SRC_WSHP_METHOD;SRC_WSHP_TRANE_CHECK;SRC_WSHP_CARRIER_CHECK,Tsource=5..20; Tsupply=35..55; PLR=0.25..1.00,公式化工程假设：Carnot有效度0.40、两侧端差3 K、Cdh=0.9；Trane EXW/Carrier 61WG仅用于设备类型与温度边界核验，未将本行声称为厂家曲线。
guanggu-v0.3-20260823,WSHP_GSHP_BASE_01,water_ground_source_heat_pump,,,building;district,heating,,20.0,35.0,,0.5,,1,5.387879,,1.0,,0.25,,,,,,,,,0,0,1,SRC_WSHP_METHOD;SRC_WSHP_TRANE_CHECK;SRC_WSHP_CARRIER_CHECK,Tsource=5..20; Tsupply=35..55; PLR=0.25..1.00,公式化工程假设：Carnot有效度0.40、两侧端差3 K、Cdh=0.9；Trane EXW/Carrier 61WG仅用于设备类型与温度边界核验，未将本行声称为厂家曲线。
guanggu-v0.3-20260823,WSHP_GSHP_BASE_01,water_ground_source_heat_pump,,,building;district,heating,,20.0,35.0,,0.75,,1,5.735484,,1.0,,0.25,,,,,,,,,0,0,1,SRC_WSHP_METHOD;SRC_WSHP_TRANE_CHECK;SRC_WSHP_CARRIER_CHECK,Tsource=5..20; Tsupply=35..55; PLR=0.25..1.00,公式化工程假设：Carnot有效度0.40、两侧端差3 K、Cdh=0.9；Trane EXW/Carrier 61WG仅用于设备类型与温度边界核验，未将本行声称为厂家曲线。
guanggu-v0.3-20260823,WSHP_GSHP_BASE_01,water_ground_source_heat_pump,,,building;district,heating,,20.0,35.0,,1.0,,1,5.926667,,1.0,,0.25,,,,,,,,,0,0,1,SRC_WSHP_METHOD;SRC_WSHP_TRANE_CHECK;SRC_WSHP_CARRIER_CHECK,Tsource=5..20; Tsupply=35..55; PLR=0.25..1.00,公式化工程假设：Carnot有效度0.40、两侧端差3 K、Cdh=0.9；Trane EXW/Carrier 61WG仅用于设备类型与温度边界核验，未将本行声称为厂家曲线。
guanggu-v0.3-20260823,WSHP_GSHP_BASE_01,water_ground_source_heat_pump,,,building;district,heating,,20.0,45.0,,0.25,,1,3.187593,,1.0,,0.25,,,,,,,,,0,0,1,SRC_WSHP_METHOD;SRC_WSHP_TRANE_CHECK;SRC_WSHP_CARRIER_CHECK,Tsource=5..20; Tsupply=35..55; PLR=0.25..1.00,公式化工程假设：Carnot有效度0.40、两侧端差3 K、Cdh=0.9；Trane EXW/Carrier 61WG仅用于设备类型与温度边界核验，未将本行声称为厂家曲线。
guanggu-v0.3-20260823,WSHP_GSHP_BASE_01,water_ground_source_heat_pump,,,building;district,heating,,20.0,45.0,,0.5,,1,3.767155,,1.0,,0.25,,,,,,,,,0,0,1,SRC_WSHP_METHOD;SRC_WSHP_TRANE_CHECK;SRC_WSHP_CARRIER_CHECK,Tsource=5..20; Tsupply=35..55; PLR=0.25..1.00,公式化工程假设：Carnot有效度0.40、两侧端差3 K、Cdh=0.9；Trane EXW/Carrier 61WG仅用于设备类型与温度边界核验，未将本行声称为厂家曲线。
guanggu-v0.3-20260823,WSHP_GSHP_BASE_01,water_ground_source_heat_pump,,,building;district,heating,,20.0,45.0,,0.75,,1,4.010198,,1.0,,0.25,,,,,,,,,0,0,1,SRC_WSHP_METHOD;SRC_WSHP_TRANE_CHECK;SRC_WSHP_CARRIER_CHECK,Tsource=5..20; Tsupply=35..55; PLR=0.25..1.00,公式化工程假设：Carnot有效度0.40、两侧端差3 K、Cdh=0.9；Trane EXW/Carrier 61WG仅用于设备类型与温度边界核验，未将本行声称为厂家曲线。
guanggu-v0.3-20260823,WSHP_GSHP_BASE_01,water_ground_source_heat_pump,,,building;district,heating,,20.0,45.0,,1.0,,1,4.143871,,1.0,,0.25,,,,,,,,,0,0,1,SRC_WSHP_METHOD;SRC_WSHP_TRANE_CHECK;SRC_WSHP_CARRIER_CHECK,Tsource=5..20; Tsupply=35..55; PLR=0.25..1.00,公式化工程假设：Carnot有效度0.40、两侧端差3 K、Cdh=0.9；Trane EXW/Carrier 61WG仅用于设备类型与温度边界核验，未将本行声称为厂家曲线。
guanggu-v0.3-20260823,WSHP_GSHP_BASE_01,water_ground_source_heat_pump,,,building;district,heating,,20.0,55.0,,0.25,,1,2.485178,,1.0,,0.25,,,,,,,,,0,0,1,SRC_WSHP_METHOD;SRC_WSHP_TRANE_CHECK;SRC_WSHP_CARRIER_CHECK,Tsource=5..20; Tsupply=35..55; PLR=0.25..1.00,公式化工程假设：Carnot有效度0.40、两侧端差3 K、Cdh=0.9；Trane EXW/Carrier 61WG仅用于设备类型与温度边界核验，未将本行声称为厂家曲线。
guanggu-v0.3-20260823,WSHP_GSHP_BASE_01,water_ground_source_heat_pump,,,building;district,heating,,20.0,55.0,,0.5,,1,2.937029,,1.0,,0.25,,,,,,,,,0,0,1,SRC_WSHP_METHOD;SRC_WSHP_TRANE_CHECK;SRC_WSHP_CARRIER_CHECK,Tsource=5..20; Tsupply=35..55; PLR=0.25..1.00,公式化工程假设：Carnot有效度0.40、两侧端差3 K、Cdh=0.9；Trane EXW/Carrier 61WG仅用于设备类型与温度边界核验，未将本行声称为厂家曲线。
guanggu-v0.3-20260823,WSHP_GSHP_BASE_01,water_ground_source_heat_pump,,,building;district,heating,,20.0,55.0,,0.75,,1,3.126515,,1.0,,0.25,,,,,,,,,0,0,1,SRC_WSHP_METHOD;SRC_WSHP_TRANE_CHECK;SRC_WSHP_CARRIER_CHECK,Tsource=5..20; Tsupply=35..55; PLR=0.25..1.00,公式化工程假设：Carnot有效度0.40、两侧端差3 K、Cdh=0.9；Trane EXW/Carrier 61WG仅用于设备类型与温度边界核验，未将本行声称为厂家曲线。
guanggu-v0.3-20260823,WSHP_GSHP_BASE_01,water_ground_source_heat_pump,,,building;district,heating,,20.0,55.0,,1.0,,1,3.230732,,1.0,,0.25,,,,,,,,,0,0,1,SRC_WSHP_METHOD;SRC_WSHP_TRANE_CHECK;SRC_WSHP_CARRIER_CHECK,Tsource=5..20; Tsupply=35..55; PLR=0.25..1.00,公式化工程假设：Carnot有效度0.40、两侧端差3 K、Cdh=0.9；Trane EXW/Carrier 61WG仅用于设备类型与温度边界核验，未将本行声称为厂家曲线。
guanggu-v0.3-20260823,WASTE_HEAT_HP_BASE_01,low_grade_waste_heat_pump,,,district;industrial,heating,,10.0,35.0,,0.25,,1,3.47438,,0.927,0.7,0.25,,,,,,,,,0,0,1,SRC_WASTE_HP_METHOD;SRC_WASTE_HP_CARRIER_CHECK,Tsource=10..40; Tsupply=35..55; PLR=0.25..1.00; source availability=0.70 assumption,独立余热提升工程假设：Carnot有效度0.45、端差3 K、Cdh=0.9、COP上限8；Carrier 61XWHZE仅证明余热应用和产品边界。source_heat_availability_ratio=0.70为假设，不代表园区余热全年可用；源温接近/高于供水温度应优先直接换热。
guanggu-v0.3-20260823,WASTE_HEAT_HP_BASE_01,low_grade_waste_heat_pump,,,district;industrial,heating,,10.0,35.0,,0.5,,1,4.106085,,0.927,0.7,0.25,,,,,,,,,0,0,1,SRC_WASTE_HP_METHOD;SRC_WASTE_HP_CARRIER_CHECK,Tsource=10..40; Tsupply=35..55; PLR=0.25..1.00; source availability=0.70 assumption,独立余热提升工程假设：Carnot有效度0.45、端差3 K、Cdh=0.9、COP上限8；Carrier 61XWHZE仅证明余热应用和产品边界。source_heat_availability_ratio=0.70为假设，不代表园区余热全年可用；源温接近/高于供水温度应优先直接换热。
guanggu-v0.3-20260823,WASTE_HEAT_HP_BASE_01,low_grade_waste_heat_pump,,,district;industrial,heating,,10.0,35.0,,0.75,,1,4.370994,,0.927,0.7,0.25,,,,,,,,,0,0,1,SRC_WASTE_HP_METHOD;SRC_WASTE_HP_CARRIER_CHECK,Tsource=10..40; Tsupply=35..55; PLR=0.25..1.00; source availability=0.70 assumption,独立余热提升工程假设：Carnot有效度0.45、端差3 K、Cdh=0.9、COP上限8；Carrier 61XWHZE仅证明余热应用和产品边界。source_heat_availability_ratio=0.70为假设，不代表园区余热全年可用；源温接近/高于供水温度应优先直接换热。
guanggu-v0.3-20260823,WASTE_HEAT_HP_BASE_01,low_grade_waste_heat_pump,,,district;industrial,heating,,10.0,35.0,,1.0,,1,4.516694,,0.927,0.7,0.25,,,,,,,,,0,0,1,SRC_WASTE_HP_METHOD;SRC_WASTE_HP_CARRIER_CHECK,Tsource=10..40; Tsupply=35..55; PLR=0.25..1.00; source availability=0.70 assumption,独立余热提升工程假设：Carnot有效度0.45、端差3 K、Cdh=0.9、COP上限8；Carrier 61XWHZE仅证明余热应用和产品边界。source_heat_availability_ratio=0.70为假设，不代表园区余热全年可用；源温接近/高于供水温度应优先直接换热。
guanggu-v0.3-20260823,WASTE_HEAT_HP_BASE_01,low_grade_waste_heat_pump,,,district;industrial,heating,,10.0,45.0,,0.25,,1,2.711398,,0.9,0.7,0.25,,,,,,,,,0,0,1,SRC_WASTE_HP_METHOD;SRC_WASTE_HP_CARRIER_CHECK,Tsource=10..40; Tsupply=35..55; PLR=0.25..1.00; source availability=0.70 assumption,独立余热提升工程假设：Carnot有效度0.45、端差3 K、Cdh=0.9、COP上限8；Carrier 61XWHZE仅证明余热应用和产品边界。source_heat_availability_ratio=0.70为假设，不代表园区余热全年可用；源温接近/高于供水温度应优先直接换热。
guanggu-v0.3-20260823,WASTE_HEAT_HP_BASE_01,low_grade_waste_heat_pump,,,district;industrial,heating,,10.0,45.0,,0.5,,1,3.204379,,0.9,0.7,0.25,,,,,,,,,0,0,1,SRC_WASTE_HP_METHOD;SRC_WASTE_HP_CARRIER_CHECK,Tsource=10..40; Tsupply=35..55; PLR=0.25..1.00; source availability=0.70 assumption,独立余热提升工程假设：Carnot有效度0.45、端差3 K、Cdh=0.9、COP上限8；Carrier 61XWHZE仅证明余热应用和产品边界。source_heat_availability_ratio=0.70为假设，不代表园区余热全年可用；源温接近/高于供水温度应优先直接换热。
guanggu-v0.3-20260823,WASTE_HEAT_HP_BASE_01,low_grade_waste_heat_pump,,,district;industrial,heating,,10.0,45.0,,0.75,,1,3.411113,,0.9,0.7,0.25,,,,,,,,,0,0,1,SRC_WASTE_HP_METHOD;SRC_WASTE_HP_CARRIER_CHECK,Tsource=10..40; Tsupply=35..55; PLR=0.25..1.00; source availability=0.70 assumption,独立余热提升工程假设：Carnot有效度0.45、端差3 K、Cdh=0.9、COP上限8；Carrier 61XWHZE仅证明余热应用和产品边界。source_heat_availability_ratio=0.70为假设，不代表园区余热全年可用；源温接近/高于供水温度应优先直接换热。
guanggu-v0.3-20260823,WASTE_HEAT_HP_BASE_01,low_grade_waste_heat_pump,,,district;industrial,heating,,10.0,45.0,,1.0,,1,3.524817,,0.9,0.7,0.25,,,,,,,,,0,0,1,SRC_WASTE_HP_METHOD;SRC_WASTE_HP_CARRIER_CHECK,Tsource=10..40; Tsupply=35..55; PLR=0.25..1.00; source availability=0.70 assumption,独立余热提升工程假设：Carnot有效度0.45、端差3 K、Cdh=0.9、COP上限8；Carrier 61XWHZE仅证明余热应用和产品边界。source_heat_availability_ratio=0.70为假设，不代表园区余热全年可用；源温接近/高于供水温度应优先直接换热。
guanggu-v0.3-20260823,WASTE_HEAT_HP_BASE_01,low_grade_waste_heat_pump,,,district;industrial,heating,,10.0,55.0,,0.25,,1,2.247624,,0.873,0.7,0.25,,,,,,,,,0,0,1,SRC_WASTE_HP_METHOD;SRC_WASTE_HP_CARRIER_CHECK,Tsource=10..40; Tsupply=35..55; PLR=0.25..1.00; source availability=0.70 assumption,独立余热提升工程假设：Carnot有效度0.45、端差3 K、Cdh=0.9、COP上限8；Carrier 61XWHZE仅证明余热应用和产品边界。source_heat_availability_ratio=0.70为假设，不代表园区余热全年可用；源温接近/高于供水温度应优先直接换热。
guanggu-v0.3-20260823,WASTE_HEAT_HP_BASE_01,low_grade_waste_heat_pump,,,district;industrial,heating,,10.0,55.0,,0.5,,1,2.656283,,0.873,0.7,0.25,,,,,,,,,0,0,1,SRC_WASTE_HP_METHOD;SRC_WASTE_HP_CARRIER_CHECK,Tsource=10..40; Tsupply=35..55; PLR=0.25..1.00; source availability=0.70 assumption,独立余热提升工程假设：Carnot有效度0.45、端差3 K、Cdh=0.9、COP上限8；Carrier 61XWHZE仅证明余热应用和产品边界。source_heat_availability_ratio=0.70为假设，不代表园区余热全年可用；源温接近/高于供水温度应优先直接换热。
guanggu-v0.3-20260823,WASTE_HEAT_HP_BASE_01,low_grade_waste_heat_pump,,,district;industrial,heating,,10.0,55.0,,0.75,,1,2.827657,,0.873,0.7,0.25,,,,,,,,,0,0,1,SRC_WASTE_HP_METHOD;SRC_WASTE_HP_CARRIER_CHECK,Tsource=10..40; Tsupply=35..55; PLR=0.25..1.00; source availability=0.70 assumption,独立余热提升工程假设：Carnot有效度0.45、端差3 K、Cdh=0.9、COP上限8；Carrier 61XWHZE仅证明余热应用和产品边界。source_heat_availability_ratio=0.70为假设，不代表园区余热全年可用；源温接近/高于供水温度应优先直接换热。
guanggu-v0.3-20260823,WASTE_HEAT_HP_BASE_01,low_grade_waste_heat_pump,,,district;industrial,heating,,10.0,55.0,,1.0,,1,2.921912,,0.873,0.7,0.25,,,,,,,,,0,0,1,SRC_WASTE_HP_METHOD;SRC_WASTE_HP_CARRIER_CHECK,Tsource=10..40; Tsupply=35..55; PLR=0.25..1.00; source availability=0.70 assumption,独立余热提升工程假设：Carnot有效度0.45、端差3 K、Cdh=0.9、COP上限8；Carrier 61XWHZE仅证明余热应用和产品边界。source_heat_availability_ratio=0.70为假设，不代表园区余热全年可用；源温接近/高于供水温度应优先直接换热。
guanggu-v0.3-20260823,WASTE_HEAT_HP_BASE_01,low_grade_waste_heat_pump,,,district;industrial,heating,,20.0,35.0,,0.25,,1,5.128846,,1.0,0.7,0.25,,,,,,,,,0,0,1,SRC_WASTE_HP_METHOD;SRC_WASTE_HP_CARRIER_CHECK,Tsource=10..40; Tsupply=35..55; PLR=0.25..1.00; source availability=0.70 assumption,独立余热提升工程假设：Carnot有效度0.45、端差3 K、Cdh=0.9、COP上限8；Carrier 61XWHZE仅证明余热应用和产品边界。source_heat_availability_ratio=0.70为假设，不代表园区余热全年可用；源温接近/高于供水温度应优先直接换热。
guanggu-v0.3-20260823,WASTE_HEAT_HP_BASE_01,low_grade_waste_heat_pump,,,district;industrial,heating,,20.0,35.0,,0.5,,1,6.061364,,1.0,0.7,0.25,,,,,,,,,0,0,1,SRC_WASTE_HP_METHOD;SRC_WASTE_HP_CARRIER_CHECK,Tsource=10..40; Tsupply=35..55; PLR=0.25..1.00; source availability=0.70 assumption,独立余热提升工程假设：Carnot有效度0.45、端差3 K、Cdh=0.9、COP上限8；Carrier 61XWHZE仅证明余热应用和产品边界。source_heat_availability_ratio=0.70为假设，不代表园区余热全年可用；源温接近/高于供水温度应优先直接换热。
guanggu-v0.3-20260823,WASTE_HEAT_HP_BASE_01,low_grade_waste_heat_pump,,,district;industrial,heating,,20.0,35.0,,0.75,,1,6.452419,,1.0,0.7,0.25,,,,,,,,,0,0,1,SRC_WASTE_HP_METHOD;SRC_WASTE_HP_CARRIER_CHECK,Tsource=10..40; Tsupply=35..55; PLR=0.25..1.00; source availability=0.70 assumption,独立余热提升工程假设：Carnot有效度0.45、端差3 K、Cdh=0.9、COP上限8；Carrier 61XWHZE仅证明余热应用和产品边界。source_heat_availability_ratio=0.70为假设，不代表园区余热全年可用；源温接近/高于供水温度应优先直接换热。
guanggu-v0.3-20260823,WASTE_HEAT_HP_BASE_01,low_grade_waste_heat_pump,,,district;industrial,heating,,20.0,35.0,,1.0,,1,6.6675,,1.0,0.7,0.25,,,,,,,,,0,0,1,SRC_WASTE_HP_METHOD;SRC_WASTE_HP_CARRIER_CHECK,Tsource=10..40; Tsupply=35..55; PLR=0.25..1.00; source availability=0.70 assumption,独立余热提升工程假设：Carnot有效度0.45、端差3 K、Cdh=0.9、COP上限8；Carrier 61XWHZE仅证明余热应用和产品边界。source_heat_availability_ratio=0.70为假设，不代表园区余热全年可用；源温接近/高于供水温度应优先直接换热。
guanggu-v0.3-20260823,WASTE_HEAT_HP_BASE_01,low_grade_waste_heat_pump,,,district;industrial,heating,,20.0,45.0,,0.25,,1,3.586042,,1.0,0.7,0.25,,,,,,,,,0,0,1,SRC_WASTE_HP_METHOD;SRC_WASTE_HP_CARRIER_CHECK,Tsource=10..40; Tsupply=35..55; PLR=0.25..1.00; source availability=0.70 assumption,独立余热提升工程假设：Carnot有效度0.45、端差3 K、Cdh=0.9、COP上限8；Carrier 61XWHZE仅证明余热应用和产品边界。source_heat_availability_ratio=0.70为假设，不代表园区余热全年可用；源温接近/高于供水温度应优先直接换热。
guanggu-v0.3-20260823,WASTE_HEAT_HP_BASE_01,low_grade_waste_heat_pump,,,district;industrial,heating,,20.0,45.0,,0.5,,1,4.23805,,1.0,0.7,0.25,,,,,,,,,0,0,1,SRC_WASTE_HP_METHOD;SRC_WASTE_HP_CARRIER_CHECK,Tsource=10..40; Tsupply=35..55; PLR=0.25..1.00; source availability=0.70 assumption,独立余热提升工程假设：Carnot有效度0.45、端差3 K、Cdh=0.9、COP上限8；Carrier 61XWHZE仅证明余热应用和产品边界。source_heat_availability_ratio=0.70为假设，不代表园区余热全年可用；源温接近/高于供水温度应优先直接换热。
guanggu-v0.3-20260823,WASTE_HEAT_HP_BASE_01,low_grade_waste_heat_pump,,,district;industrial,heating,,20.0,45.0,,0.75,,1,4.511472,,1.0,0.7,0.25,,,,,,,,,0,0,1,SRC_WASTE_HP_METHOD;SRC_WASTE_HP_CARRIER_CHECK,Tsource=10..40; Tsupply=35..55; PLR=0.25..1.00; source availability=0.70 assumption,独立余热提升工程假设：Carnot有效度0.45、端差3 K、Cdh=0.9、COP上限8；Carrier 61XWHZE仅证明余热应用和产品边界。source_heat_availability_ratio=0.70为假设，不代表园区余热全年可用；源温接近/高于供水温度应优先直接换热。
guanggu-v0.3-20260823,WASTE_HEAT_HP_BASE_01,low_grade_waste_heat_pump,,,district;industrial,heating,,20.0,45.0,,1.0,,1,4.661855,,1.0,0.7,0.25,,,,,,,,,0,0,1,SRC_WASTE_HP_METHOD;SRC_WASTE_HP_CARRIER_CHECK,Tsource=10..40; Tsupply=35..55; PLR=0.25..1.00; source availability=0.70 assumption,独立余热提升工程假设：Carnot有效度0.45、端差3 K、Cdh=0.9、COP上限8；Carrier 61XWHZE仅证明余热应用和产品边界。source_heat_availability_ratio=0.70为假设，不代表园区余热全年可用；源温接近/高于供水温度应优先直接换热。
guanggu-v0.3-20260823,WASTE_HEAT_HP_BASE_01,low_grade_waste_heat_pump,,,district;industrial,heating,,20.0,55.0,,0.25,,1,2.795826,,0.97,0.7,0.25,,,,,,,,,0,0,1,SRC_WASTE_HP_METHOD;SRC_WASTE_HP_CARRIER_CHECK,Tsource=10..40; Tsupply=35..55; PLR=0.25..1.00; source availability=0.70 assumption,独立余热提升工程假设：Carnot有效度0.45、端差3 K、Cdh=0.9、COP上限8；Carrier 61XWHZE仅证明余热应用和产品边界。source_heat_availability_ratio=0.70为假设，不代表园区余热全年可用；源温接近/高于供水温度应优先直接换热。
guanggu-v0.3-20260823,WASTE_HEAT_HP_BASE_01,low_grade_waste_heat_pump,,,district;industrial,heating,,20.0,55.0,,0.5,,1,3.304157,,0.97,0.7,0.25,,,,,,,,,0,0,1,SRC_WASTE_HP_METHOD;SRC_WASTE_HP_CARRIER_CHECK,Tsource=10..40; Tsupply=35..55; PLR=0.25..1.00; source availability=0.70 assumption,独立余热提升工程假设：Carnot有效度0.45、端差3 K、Cdh=0.9、COP上限8；Carrier 61XWHZE仅证明余热应用和产品边界。source_heat_availability_ratio=0.70为假设，不代表园区余热全年可用；源温接近/高于供水温度应优先直接换热。
guanggu-v0.3-20260823,WASTE_HEAT_HP_BASE_01,low_grade_waste_heat_pump,,,district;industrial,heating,,20.0,55.0,,0.75,,1,3.517329,,0.97,0.7,0.25,,,,,,,,,0,0,1,SRC_WASTE_HP_METHOD;SRC_WASTE_HP_CARRIER_CHECK,Tsource=10..40; Tsupply=35..55; PLR=0.25..1.00; source availability=0.70 assumption,独立余热提升工程假设：Carnot有效度0.45、端差3 K、Cdh=0.9、COP上限8；Carrier 61XWHZE仅证明余热应用和产品边界。source_heat_availability_ratio=0.70为假设，不代表园区余热全年可用；源温接近/高于供水温度应优先直接换热。
guanggu-v0.3-20260823,WASTE_HEAT_HP_BASE_01,low_grade_waste_heat_pump,,,district;industrial,heating,,20.0,55.0,,1.0,,1,3.634573,,0.97,0.7,0.25,,,,,,,,,0,0,1,SRC_WASTE_HP_METHOD;SRC_WASTE_HP_CARRIER_CHECK,Tsource=10..40; Tsupply=35..55; PLR=0.25..1.00; source availability=0.70 assumption,独立余热提升工程假设：Carnot有效度0.45、端差3 K、Cdh=0.9、COP上限8；Carrier 61XWHZE仅证明余热应用和产品边界。source_heat_availability_ratio=0.70为假设，不代表园区余热全年可用；源温接近/高于供水温度应优先直接换热。
guanggu-v0.3-20260823,WASTE_HEAT_HP_BASE_01,low_grade_waste_heat_pump,,,district;industrial,heating,,30.0,35.0,,0.25,,1,8.0,,1.0,0.7,0.25,,,,,,,,,0,0,1,SRC_WASTE_HP_METHOD;SRC_WASTE_HP_CARRIER_CHECK,Tsource=10..40; Tsupply=35..55; PLR=0.25..1.00; source availability=0.70 assumption,独立余热提升工程假设：Carnot有效度0.45、端差3 K、Cdh=0.9、COP上限8；Carrier 61XWHZE仅证明余热应用和产品边界。source_heat_availability_ratio=0.70为假设，不代表园区余热全年可用；源温接近/高于供水温度应优先直接换热。
guanggu-v0.3-20260823,WASTE_HEAT_HP_BASE_01,low_grade_waste_heat_pump,,,district;industrial,heating,,30.0,35.0,,0.5,,1,8.0,,1.0,0.7,0.25,,,,,,,,,0,0,1,SRC_WASTE_HP_METHOD;SRC_WASTE_HP_CARRIER_CHECK,Tsource=10..40; Tsupply=35..55; PLR=0.25..1.00; source availability=0.70 assumption,独立余热提升工程假设：Carnot有效度0.45、端差3 K、Cdh=0.9、COP上限8；Carrier 61XWHZE仅证明余热应用和产品边界。source_heat_availability_ratio=0.70为假设，不代表园区余热全年可用；源温接近/高于供水温度应优先直接换热。
guanggu-v0.3-20260823,WASTE_HEAT_HP_BASE_01,low_grade_waste_heat_pump,,,district;industrial,heating,,30.0,35.0,,0.75,,1,8.0,,1.0,0.7,0.25,,,,,,,,,0,0,1,SRC_WASTE_HP_METHOD;SRC_WASTE_HP_CARRIER_CHECK,Tsource=10..40; Tsupply=35..55; PLR=0.25..1.00; source availability=0.70 assumption,独立余热提升工程假设：Carnot有效度0.45、端差3 K、Cdh=0.9、COP上限8；Carrier 61XWHZE仅证明余热应用和产品边界。source_heat_availability_ratio=0.70为假设，不代表园区余热全年可用；源温接近/高于供水温度应优先直接换热。
guanggu-v0.3-20260823,WASTE_HEAT_HP_BASE_01,low_grade_waste_heat_pump,,,district;industrial,heating,,30.0,35.0,,1.0,,1,8.0,,1.0,0.7,0.25,,,,,,,,,0,0,1,SRC_WASTE_HP_METHOD;SRC_WASTE_HP_CARRIER_CHECK,Tsource=10..40; Tsupply=35..55; PLR=0.25..1.00; source availability=0.70 assumption,独立余热提升工程假设：Carnot有效度0.45、端差3 K、Cdh=0.9、COP上限8；Carrier 61XWHZE仅证明余热应用和产品边界。source_heat_availability_ratio=0.70为假设，不代表园区余热全年可用；源温接近/高于供水温度应优先直接换热。
guanggu-v0.3-20260823,WASTE_HEAT_HP_BASE_01,low_grade_waste_heat_pump,,,district;industrial,heating,,30.0,45.0,,0.25,,1,5.293681,,1.0,0.7,0.25,,,,,,,,,0,0,1,SRC_WASTE_HP_METHOD;SRC_WASTE_HP_CARRIER_CHECK,Tsource=10..40; Tsupply=35..55; PLR=0.25..1.00; source availability=0.70 assumption,独立余热提升工程假设：Carnot有效度0.45、端差3 K、Cdh=0.9、COP上限8；Carrier 61XWHZE仅证明余热应用和产品边界。source_heat_availability_ratio=0.70为假设，不代表园区余热全年可用；源温接近/高于供水温度应优先直接换热。
guanggu-v0.3-20260823,WASTE_HEAT_HP_BASE_01,low_grade_waste_heat_pump,,,district;industrial,heating,,30.0,45.0,,0.5,,1,6.256169,,1.0,0.7,0.25,,,,,,,,,0,0,1,SRC_WASTE_HP_METHOD;SRC_WASTE_HP_CARRIER_CHECK,Tsource=10..40; Tsupply=35..55; PLR=0.25..1.00; source availability=0.70 assumption,独立余热提升工程假设：Carnot有效度0.45、端差3 K、Cdh=0.9、COP上限8；Carrier 61XWHZE仅证明余热应用和产品边界。source_heat_availability_ratio=0.70为假设，不代表园区余热全年可用；源温接近/高于供水温度应优先直接换热。
guanggu-v0.3-20260823,WASTE_HEAT_HP_BASE_01,low_grade_waste_heat_pump,,,district;industrial,heating,,30.0,45.0,,0.75,,1,6.659793,,1.0,0.7,0.25,,,,,,,,,0,0,1,SRC_WASTE_HP_METHOD;SRC_WASTE_HP_CARRIER_CHECK,Tsource=10..40; Tsupply=35..55; PLR=0.25..1.00; source availability=0.70 assumption,独立余热提升工程假设：Carnot有效度0.45、端差3 K、Cdh=0.9、COP上限8；Carrier 61XWHZE仅证明余热应用和产品边界。source_heat_availability_ratio=0.70为假设，不代表园区余热全年可用；源温接近/高于供水温度应优先直接换热。
guanggu-v0.3-20260823,WASTE_HEAT_HP_BASE_01,low_grade_waste_heat_pump,,,district;industrial,heating,,30.0,45.0,,1.0,,1,6.881786,,1.0,0.7,0.25,,,,,,,,,0,0,1,SRC_WASTE_HP_METHOD;SRC_WASTE_HP_CARRIER_CHECK,Tsource=10..40; Tsupply=35..55; PLR=0.25..1.00; source availability=0.70 assumption,独立余热提升工程假设：Carnot有效度0.45、端差3 K、Cdh=0.9、COP上限8；Carrier 61XWHZE仅证明余热应用和产品边界。source_heat_availability_ratio=0.70为假设，不代表园区余热全年可用；源温接近/高于供水温度应优先直接换热。
guanggu-v0.3-20260823,WASTE_HEAT_HP_BASE_01,low_grade_waste_heat_pump,,,district;industrial,heating,,30.0,55.0,,0.25,,1,3.697705,,1.0,0.7,0.25,,,,,,,,,0,0,1,SRC_WASTE_HP_METHOD;SRC_WASTE_HP_CARRIER_CHECK,Tsource=10..40; Tsupply=35..55; PLR=0.25..1.00; source availability=0.70 assumption,独立余热提升工程假设：Carnot有效度0.45、端差3 K、Cdh=0.9、COP上限8；Carrier 61XWHZE仅证明余热应用和产品边界。source_heat_availability_ratio=0.70为假设，不代表园区余热全年可用；源温接近/高于供水温度应优先直接换热。
guanggu-v0.3-20260823,WASTE_HEAT_HP_BASE_01,low_grade_waste_heat_pump,,,district;industrial,heating,,30.0,55.0,,0.5,,1,4.370015,,1.0,0.7,0.25,,,,,,,,,0,0,1,SRC_WASTE_HP_METHOD;SRC_WASTE_HP_CARRIER_CHECK,Tsource=10..40; Tsupply=35..55; PLR=0.25..1.00; source availability=0.70 assumption,独立余热提升工程假设：Carnot有效度0.45、端差3 K、Cdh=0.9、COP上限8；Carrier 61XWHZE仅证明余热应用和产品边界。source_heat_availability_ratio=0.70为假设，不代表园区余热全年可用；源温接近/高于供水温度应优先直接换热。
guanggu-v0.3-20260823,WASTE_HEAT_HP_BASE_01,low_grade_waste_heat_pump,,,district;industrial,heating,,30.0,55.0,,0.75,,1,4.651951,,1.0,0.7,0.25,,,,,,,,,0,0,1,SRC_WASTE_HP_METHOD;SRC_WASTE_HP_CARRIER_CHECK,Tsource=10..40; Tsupply=35..55; PLR=0.25..1.00; source availability=0.70 assumption,独立余热提升工程假设：Carnot有效度0.45、端差3 K、Cdh=0.9、COP上限8；Carrier 61XWHZE仅证明余热应用和产品边界。source_heat_availability_ratio=0.70为假设，不代表园区余热全年可用；源温接近/高于供水温度应优先直接换热。
guanggu-v0.3-20260823,WASTE_HEAT_HP_BASE_01,low_grade_waste_heat_pump,,,district;industrial,heating,,30.0,55.0,,1.0,,1,4.807016,,1.0,0.7,0.25,,,,,,,,,0,0,1,SRC_WASTE_HP_METHOD;SRC_WASTE_HP_CARRIER_CHECK,Tsource=10..40; Tsupply=35..55; PLR=0.25..1.00; source availability=0.70 assumption,独立余热提升工程假设：Carnot有效度0.45、端差3 K、Cdh=0.9、COP上限8；Carrier 61XWHZE仅证明余热应用和产品边界。source_heat_availability_ratio=0.70为假设，不代表园区余热全年可用；源温接近/高于供水温度应优先直接换热。
guanggu-v0.3-20260823,WASTE_HEAT_HP_BASE_01,low_grade_waste_heat_pump,,,district;industrial,heating,,40.0,35.0,,0.25,,1,8.0,,1.0,0.7,0.25,,,,,,,,,0,0,1,SRC_WASTE_HP_METHOD;SRC_WASTE_HP_CARRIER_CHECK,Tsource=10..40; Tsupply=35..55; PLR=0.25..1.00; source availability=0.70 assumption,独立余热提升工程假设：Carnot有效度0.45、端差3 K、Cdh=0.9、COP上限8；Carrier 61XWHZE仅证明余热应用和产品边界。source_heat_availability_ratio=0.70为假设，不代表园区余热全年可用；源温接近/高于供水温度应优先直接换热。
guanggu-v0.3-20260823,WASTE_HEAT_HP_BASE_01,low_grade_waste_heat_pump,,,district;industrial,heating,,40.0,35.0,,0.5,,1,8.0,,1.0,0.7,0.25,,,,,,,,,0,0,1,SRC_WASTE_HP_METHOD;SRC_WASTE_HP_CARRIER_CHECK,Tsource=10..40; Tsupply=35..55; PLR=0.25..1.00; source availability=0.70 assumption,独立余热提升工程假设：Carnot有效度0.45、端差3 K、Cdh=0.9、COP上限8；Carrier 61XWHZE仅证明余热应用和产品边界。source_heat_availability_ratio=0.70为假设，不代表园区余热全年可用；源温接近/高于供水温度应优先直接换热。
guanggu-v0.3-20260823,WASTE_HEAT_HP_BASE_01,low_grade_waste_heat_pump,,,district;industrial,heating,,40.0,35.0,,0.75,,1,8.0,,1.0,0.7,0.25,,,,,,,,,0,0,1,SRC_WASTE_HP_METHOD;SRC_WASTE_HP_CARRIER_CHECK,Tsource=10..40; Tsupply=35..55; PLR=0.25..1.00; source availability=0.70 assumption,独立余热提升工程假设：Carnot有效度0.45、端差3 K、Cdh=0.9、COP上限8；Carrier 61XWHZE仅证明余热应用和产品边界。source_heat_availability_ratio=0.70为假设，不代表园区余热全年可用；源温接近/高于供水温度应优先直接换热。
guanggu-v0.3-20260823,WASTE_HEAT_HP_BASE_01,low_grade_waste_heat_pump,,,district;industrial,heating,,40.0,35.0,,1.0,,1,8.0,,1.0,0.7,0.25,,,,,,,,,0,0,1,SRC_WASTE_HP_METHOD;SRC_WASTE_HP_CARRIER_CHECK,Tsource=10..40; Tsupply=35..55; PLR=0.25..1.00; source availability=0.70 assumption,独立余热提升工程假设：Carnot有效度0.45、端差3 K、Cdh=0.9、COP上限8；Carrier 61XWHZE仅证明余热应用和产品边界。source_heat_availability_ratio=0.70为假设，不代表园区余热全年可用；源温接近/高于供水温度应优先直接换热。
guanggu-v0.3-20260823,WASTE_HEAT_HP_BASE_01,low_grade_waste_heat_pump,,,district;industrial,heating,,40.0,45.0,,0.25,,1,8.0,,1.0,0.7,0.25,,,,,,,,,0,0,1,SRC_WASTE_HP_METHOD;SRC_WASTE_HP_CARRIER_CHECK,Tsource=10..40; Tsupply=35..55; PLR=0.25..1.00; source availability=0.70 assumption,独立余热提升工程假设：Carnot有效度0.45、端差3 K、Cdh=0.9、COP上限8；Carrier 61XWHZE仅证明余热应用和产品边界。source_heat_availability_ratio=0.70为假设，不代表园区余热全年可用；源温接近/高于供水温度应优先直接换热。
guanggu-v0.3-20260823,WASTE_HEAT_HP_BASE_01,low_grade_waste_heat_pump,,,district;industrial,heating,,40.0,45.0,,0.5,,1,8.0,,1.0,0.7,0.25,,,,,,,,,0,0,1,SRC_WASTE_HP_METHOD;SRC_WASTE_HP_CARRIER_CHECK,Tsource=10..40; Tsupply=35..55; PLR=0.25..1.00; source availability=0.70 assumption,独立余热提升工程假设：Carnot有效度0.45、端差3 K、Cdh=0.9、COP上限8；Carrier 61XWHZE仅证明余热应用和产品边界。source_heat_availability_ratio=0.70为假设，不代表园区余热全年可用；源温接近/高于供水温度应优先直接换热。
guanggu-v0.3-20260823,WASTE_HEAT_HP_BASE_01,low_grade_waste_heat_pump,,,district;industrial,heating,,40.0,45.0,,0.75,,1,8.0,,1.0,0.7,0.25,,,,,,,,,0,0,1,SRC_WASTE_HP_METHOD;SRC_WASTE_HP_CARRIER_CHECK,Tsource=10..40; Tsupply=35..55; PLR=0.25..1.00; source availability=0.70 assumption,独立余热提升工程假设：Carnot有效度0.45、端差3 K、Cdh=0.9、COP上限8；Carrier 61XWHZE仅证明余热应用和产品边界。source_heat_availability_ratio=0.70为假设，不代表园区余热全年可用；源温接近/高于供水温度应优先直接换热。
guanggu-v0.3-20260823,WASTE_HEAT_HP_BASE_01,low_grade_waste_heat_pump,,,district;industrial,heating,,40.0,45.0,,1.0,,1,8.0,,1.0,0.7,0.25,,,,,,,,,0,0,1,SRC_WASTE_HP_METHOD;SRC_WASTE_HP_CARRIER_CHECK,Tsource=10..40; Tsupply=35..55; PLR=0.25..1.00; source availability=0.70 assumption,独立余热提升工程假设：Carnot有效度0.45、端差3 K、Cdh=0.9、COP上限8；Carrier 61XWHZE仅证明余热应用和产品边界。source_heat_availability_ratio=0.70为假设，不代表园区余热全年可用；源温接近/高于供水温度应优先直接换热。
guanggu-v0.3-20260823,WASTE_HEAT_HP_BASE_01,low_grade_waste_heat_pump,,,district;industrial,heating,,40.0,55.0,,0.25,,1,5.458516,,1.0,0.7,0.25,,,,,,,,,0,0,1,SRC_WASTE_HP_METHOD;SRC_WASTE_HP_CARRIER_CHECK,Tsource=10..40; Tsupply=35..55; PLR=0.25..1.00; source availability=0.70 assumption,独立余热提升工程假设：Carnot有效度0.45、端差3 K、Cdh=0.9、COP上限8；Carrier 61XWHZE仅证明余热应用和产品边界。source_heat_availability_ratio=0.70为假设，不代表园区余热全年可用；源温接近/高于供水温度应优先直接换热。
guanggu-v0.3-20260823,WASTE_HEAT_HP_BASE_01,low_grade_waste_heat_pump,,,district;industrial,heating,,40.0,55.0,,0.5,,1,6.450974,,1.0,0.7,0.25,,,,,,,,,0,0,1,SRC_WASTE_HP_METHOD;SRC_WASTE_HP_CARRIER_CHECK,Tsource=10..40; Tsupply=35..55; PLR=0.25..1.00; source availability=0.70 assumption,独立余热提升工程假设：Carnot有效度0.45、端差3 K、Cdh=0.9、COP上限8；Carrier 61XWHZE仅证明余热应用和产品边界。source_heat_availability_ratio=0.70为假设，不代表园区余热全年可用；源温接近/高于供水温度应优先直接换热。
guanggu-v0.3-20260823,WASTE_HEAT_HP_BASE_01,low_grade_waste_heat_pump,,,district;industrial,heating,,40.0,55.0,,0.75,,1,6.867166,,1.0,0.7,0.25,,,,,,,,,0,0,1,SRC_WASTE_HP_METHOD;SRC_WASTE_HP_CARRIER_CHECK,Tsource=10..40; Tsupply=35..55; PLR=0.25..1.00; source availability=0.70 assumption,独立余热提升工程假设：Carnot有效度0.45、端差3 K、Cdh=0.9、COP上限8；Carrier 61XWHZE仅证明余热应用和产品边界。source_heat_availability_ratio=0.70为假设，不代表园区余热全年可用；源温接近/高于供水温度应优先直接换热。
guanggu-v0.3-20260823,WASTE_HEAT_HP_BASE_01,low_grade_waste_heat_pump,,,district;industrial,heating,,40.0,55.0,,1.0,,1,7.096071,,1.0,0.7,0.25,,,,,,,,,0,0,1,SRC_WASTE_HP_METHOD;SRC_WASTE_HP_CARRIER_CHECK,Tsource=10..40; Tsupply=35..55; PLR=0.25..1.00; source availability=0.70 assumption,独立余热提升工程假设：Carnot有效度0.45、端差3 K、Cdh=0.9、COP上限8；Carrier 61XWHZE仅证明余热应用和产品边界。source_heat_availability_ratio=0.70为假设，不代表园区余热全年可用；源温接近/高于供水温度应优先直接换热。
guanggu-v0.3-20260823,ELECTRIC_BOILER_BASE_01,electric_boiler,Bosch,ELHB,district;building,heating,,,,,0.25,,1,,0.996,1.0,,0.0,250.0,,,,,,,,0,0,1,SRC_ELECTRIC_BOILER_BOSCH,PLR=0.25..1.00; Bosch ELHB output 250..5500 kW; modulation 0..100%,Bosch官方资料给出最高效率99.6%和0-100%连续调节；资料未给逐PLR效率变化，首版按常数效率表示。额定容量字段取产品系列下限250 kW，仅作代表型号口径。
guanggu-v0.3-20260823,ELECTRIC_BOILER_BASE_01,electric_boiler,Bosch,ELHB,district;building,heating,,,,,0.5,,1,,0.996,1.0,,0.0,250.0,,,,,,,,0,0,1,SRC_ELECTRIC_BOILER_BOSCH,PLR=0.25..1.00; Bosch ELHB output 250..5500 kW; modulation 0..100%,Bosch官方资料给出最高效率99.6%和0-100%连续调节；资料未给逐PLR效率变化，首版按常数效率表示。额定容量字段取产品系列下限250 kW，仅作代表型号口径。
guanggu-v0.3-20260823,ELECTRIC_BOILER_BASE_01,electric_boiler,Bosch,ELHB,district;building,heating,,,,,0.75,,1,,0.996,1.0,,0.0,250.0,,,,,,,,0,0,1,SRC_ELECTRIC_BOILER_BOSCH,PLR=0.25..1.00; Bosch ELHB output 250..5500 kW; modulation 0..100%,Bosch官方资料给出最高效率99.6%和0-100%连续调节；资料未给逐PLR效率变化，首版按常数效率表示。额定容量字段取产品系列下限250 kW，仅作代表型号口径。
guanggu-v0.3-20260823,ELECTRIC_BOILER_BASE_01,electric_boiler,Bosch,ELHB,district;building,heating,,,,,1.0,,1,,0.996,1.0,,0.0,250.0,,,,,,,,0,0,1,SRC_ELECTRIC_BOILER_BOSCH,PLR=0.25..1.00; Bosch ELHB output 250..5500 kW; modulation 0..100%,Bosch官方资料给出最高效率99.6%和0-100%连续调节；资料未给逐PLR效率变化，首版按常数效率表示。额定容量字段取产品系列下限250 kW，仅作代表型号口径。
guanggu-v0.3-20260823,GAS_BOILER_BASE_01,gas_boiler,Bosch/Buderus,Logamax plus GB162-50 G20,district;building,heating,,,,,0.25,,1,,0.973,1.0,,0.31,47.0,,,,,,,,0,0,1,SRC_GAS_BOILER_BOSCH_FICHE,PLR=0.25..1.00; HHV basis; manufacturer source points at 30% low-temperature and 100% high-temperature,厂家原始点为30%低温工况97.3%；25%采用该近邻值，因负荷率与温度口径不完全相同而标记假设。 fuel_input_kW=heating_output_kW/efficiency；COP字段留空。
guanggu-v0.3-20260823,GAS_BOILER_BASE_01,gas_boiler,Bosch/Buderus,Logamax plus GB162-50 G20,district;building,heating,,,,,0.5,,1,,0.944429,1.0,,0.31,47.0,,,,,,,,0,0,1,SRC_GAS_BOILER_BOSCH_FICHE,PLR=0.25..1.00; HHV basis; manufacturer source points at 30% low-temperature and 100% high-temperature,参考厂家30%低温与100%高温两个不同试验工况构造首版线性近似；因水温口径不同，不标记为厂家插值点。 fuel_input_kW=heating_output_kW/efficiency；COP字段留空。
guanggu-v0.3-20260823,GAS_BOILER_BASE_01,gas_boiler,Bosch/Buderus,Logamax plus GB162-50 G20,district;building,heating,,,,,0.75,,1,,0.908714,1.0,,0.31,47.0,,,,,,,,0,0,1,SRC_GAS_BOILER_BOSCH_FICHE,PLR=0.25..1.00; HHV basis; manufacturer source points at 30% low-temperature and 100% high-temperature,参考厂家30%低温与100%高温两个不同试验工况构造首版线性近似；因水温口径不同，不标记为厂家插值点。 fuel_input_kW=heating_output_kW/efficiency；COP字段留空。
guanggu-v0.3-20260823,GAS_BOILER_BASE_01,gas_boiler,Bosch/Buderus,Logamax plus GB162-50 G20,district;building,heating,,,,,1.0,,1,,0.873,1.0,,0.31,47.0,,,,,,,,1,0,0,SRC_GAS_BOILER_BOSCH_FICHE,PLR=0.25..1.00; HHV basis; manufacturer source points at 30% low-temperature and 100% high-temperature,厂家ErP产品数据表：额定高温工况有用效率87.3%（HHV口径）。 fuel_input_kW=heating_output_kW/efficiency；COP字段留空。
guanggu-v0.3-20260823,SHORT_TERM_STORAGE_BASE_01,short_term_thermal_storage,Reflex Winkelmann,Storatherm Heat HF 500/2_C,district;building,charge,,,,,,0.0,1,,,1.0,,,,1.0,0.95,0.95,0.25,0.25,0.0060774,SOC_end = SOC_start,0,0,1,SRC_STORAGE_REFLEX;SRC_STORAGE_METHOD,SOC=0..1; normalized capacity=1 kWh; loss normalized from 500 L tank and assumed usable deltaT=30 K,厂家提供500 L容量及106 W静态热损失；将其折算到30 K可用温差后得到小时损失率。storage_capacity_kWh=1为优化归一化容量，充放热效率0.95和最大充放热率0.25均为工程假设。
guanggu-v0.3-20260823,SHORT_TERM_STORAGE_BASE_01,short_term_thermal_storage,Reflex Winkelmann,Storatherm Heat HF 500/2_C,district;building,charge,,,,,,0.25,1,,,0.75,,,,1.0,0.95,0.95,0.25,0.25,0.0060774,SOC_end = SOC_start,0,0,1,SRC_STORAGE_REFLEX;SRC_STORAGE_METHOD,SOC=0..1; normalized capacity=1 kWh; loss normalized from 500 L tank and assumed usable deltaT=30 K,厂家提供500 L容量及106 W静态热损失；将其折算到30 K可用温差后得到小时损失率。storage_capacity_kWh=1为优化归一化容量，充放热效率0.95和最大充放热率0.25均为工程假设。
guanggu-v0.3-20260823,SHORT_TERM_STORAGE_BASE_01,short_term_thermal_storage,Reflex Winkelmann,Storatherm Heat HF 500/2_C,district;building,charge,,,,,,0.5,1,,,0.5,,,,1.0,0.95,0.95,0.25,0.25,0.0060774,SOC_end = SOC_start,0,0,1,SRC_STORAGE_REFLEX;SRC_STORAGE_METHOD,SOC=0..1; normalized capacity=1 kWh; loss normalized from 500 L tank and assumed usable deltaT=30 K,厂家提供500 L容量及106 W静态热损失；将其折算到30 K可用温差后得到小时损失率。storage_capacity_kWh=1为优化归一化容量，充放热效率0.95和最大充放热率0.25均为工程假设。
guanggu-v0.3-20260823,SHORT_TERM_STORAGE_BASE_01,short_term_thermal_storage,Reflex Winkelmann,Storatherm Heat HF 500/2_C,district;building,charge,,,,,,0.75,1,,,0.25,,,,1.0,0.95,0.95,0.25,0.25,0.0060774,SOC_end = SOC_start,0,0,1,SRC_STORAGE_REFLEX;SRC_STORAGE_METHOD,SOC=0..1; normalized capacity=1 kWh; loss normalized from 500 L tank and assumed usable deltaT=30 K,厂家提供500 L容量及106 W静态热损失；将其折算到30 K可用温差后得到小时损失率。storage_capacity_kWh=1为优化归一化容量，充放热效率0.95和最大充放热率0.25均为工程假设。
guanggu-v0.3-20260823,SHORT_TERM_STORAGE_BASE_01,short_term_thermal_storage,Reflex Winkelmann,Storatherm Heat HF 500/2_C,district;building,charge,,,,,,1.0,1,,,0.0,,,,1.0,0.95,0.95,0.25,0.25,0.0060774,SOC_end = SOC_start,0,0,1,SRC_STORAGE_REFLEX;SRC_STORAGE_METHOD,SOC=0..1; normalized capacity=1 kWh; loss normalized from 500 L tank and assumed usable deltaT=30 K,厂家提供500 L容量及106 W静态热损失；将其折算到30 K可用温差后得到小时损失率。storage_capacity_kWh=1为优化归一化容量，充放热效率0.95和最大充放热率0.25均为工程假设。
guanggu-v0.3-20260823,SHORT_TERM_STORAGE_BASE_01,short_term_thermal_storage,Reflex Winkelmann,Storatherm Heat HF 500/2_C,district;building,discharge,,,,,,0.0,1,,,0.0,,,,1.0,0.95,0.95,0.25,0.25,0.0060774,SOC_end = SOC_start,0,0,1,SRC_STORAGE_REFLEX;SRC_STORAGE_METHOD,SOC=0..1; normalized capacity=1 kWh; loss normalized from 500 L tank and assumed usable deltaT=30 K,厂家提供500 L容量及106 W静态热损失；将其折算到30 K可用温差后得到小时损失率。storage_capacity_kWh=1为优化归一化容量，充放热效率0.95和最大充放热率0.25均为工程假设。
guanggu-v0.3-20260823,SHORT_TERM_STORAGE_BASE_01,short_term_thermal_storage,Reflex Winkelmann,Storatherm Heat HF 500/2_C,district;building,discharge,,,,,,0.25,1,,,0.25,,,,1.0,0.95,0.95,0.25,0.25,0.0060774,SOC_end = SOC_start,0,0,1,SRC_STORAGE_REFLEX;SRC_STORAGE_METHOD,SOC=0..1; normalized capacity=1 kWh; loss normalized from 500 L tank and assumed usable deltaT=30 K,厂家提供500 L容量及106 W静态热损失；将其折算到30 K可用温差后得到小时损失率。storage_capacity_kWh=1为优化归一化容量，充放热效率0.95和最大充放热率0.25均为工程假设。
guanggu-v0.3-20260823,SHORT_TERM_STORAGE_BASE_01,short_term_thermal_storage,Reflex Winkelmann,Storatherm Heat HF 500/2_C,district;building,discharge,,,,,,0.5,1,,,0.5,,,,1.0,0.95,0.95,0.25,0.25,0.0060774,SOC_end = SOC_start,0,0,1,SRC_STORAGE_REFLEX;SRC_STORAGE_METHOD,SOC=0..1; normalized capacity=1 kWh; loss normalized from 500 L tank and assumed usable deltaT=30 K,厂家提供500 L容量及106 W静态热损失；将其折算到30 K可用温差后得到小时损失率。storage_capacity_kWh=1为优化归一化容量，充放热效率0.95和最大充放热率0.25均为工程假设。
guanggu-v0.3-20260823,SHORT_TERM_STORAGE_BASE_01,short_term_thermal_storage,Reflex Winkelmann,Storatherm Heat HF 500/2_C,district;building,discharge,,,,,,0.75,1,,,0.75,,,,1.0,0.95,0.95,0.25,0.25,0.0060774,SOC_end = SOC_start,0,0,1,SRC_STORAGE_REFLEX;SRC_STORAGE_METHOD,SOC=0..1; normalized capacity=1 kWh; loss normalized from 500 L tank and assumed usable deltaT=30 K,厂家提供500 L容量及106 W静态热损失；将其折算到30 K可用温差后得到小时损失率。storage_capacity_kWh=1为优化归一化容量，充放热效率0.95和最大充放热率0.25均为工程假设。
guanggu-v0.3-20260823,SHORT_TERM_STORAGE_BASE_01,short_term_thermal_storage,Reflex Winkelmann,Storatherm Heat HF 500/2_C,district;building,discharge,,,,,,1.0,1,,,1.0,,,,1.0,0.95,0.95,0.25,0.25,0.0060774,SOC_end = SOC_start,0,0,1,SRC_STORAGE_REFLEX;SRC_STORAGE_METHOD,SOC=0..1; normalized capacity=1 kWh; loss normalized from 500 L tank and assumed usable deltaT=30 K,厂家提供500 L容量及106 W静态热损失；将其折算到30 K可用温差后得到小时损失率。storage_capacity_kWh=1为优化归一化容量，充放热效率0.95和最大充放热率0.25均为工程假设。
guanggu-v0.3-20260823,SHORT_TERM_STORAGE_BASE_01,short_term_thermal_storage,Reflex Winkelmann,Storatherm Heat HF 500/2_C,district;building,standby,,,,,,0.0,0,,,0.0,,,,1.0,0.95,0.95,0.25,0.25,0.0060774,SOC_end = SOC_start,0,0,1,SRC_STORAGE_REFLEX;SRC_STORAGE_METHOD,SOC=0..1; normalized capacity=1 kWh; loss normalized from 500 L tank and assumed usable deltaT=30 K,厂家提供500 L容量及106 W静态热损失；将其折算到30 K可用温差后得到小时损失率。storage_capacity_kWh=1为优化归一化容量，充放热效率0.95和最大充放热率0.25均为工程假设。
guanggu-v0.3-20260823,SHORT_TERM_STORAGE_BASE_01,short_term_thermal_storage,Reflex Winkelmann,Storatherm Heat HF 500/2_C,district;building,standby,,,,,,0.25,0,,,0.0,,,,1.0,0.95,0.95,0.25,0.25,0.0060774,SOC_end = SOC_start,0,0,1,SRC_STORAGE_REFLEX;SRC_STORAGE_METHOD,SOC=0..1; normalized capacity=1 kWh; loss normalized from 500 L tank and assumed usable deltaT=30 K,厂家提供500 L容量及106 W静态热损失；将其折算到30 K可用温差后得到小时损失率。storage_capacity_kWh=1为优化归一化容量，充放热效率0.95和最大充放热率0.25均为工程假设。
guanggu-v0.3-20260823,SHORT_TERM_STORAGE_BASE_01,short_term_thermal_storage,Reflex Winkelmann,Storatherm Heat HF 500/2_C,district;building,standby,,,,,,0.5,0,,,0.0,,,,1.0,0.95,0.95,0.25,0.25,0.0060774,SOC_end = SOC_start,0,0,1,SRC_STORAGE_REFLEX;SRC_STORAGE_METHOD,SOC=0..1; normalized capacity=1 kWh; loss normalized from 500 L tank and assumed usable deltaT=30 K,厂家提供500 L容量及106 W静态热损失；将其折算到30 K可用温差后得到小时损失率。storage_capacity_kWh=1为优化归一化容量，充放热效率0.95和最大充放热率0.25均为工程假设。
guanggu-v0.3-20260823,SHORT_TERM_STORAGE_BASE_01,short_term_thermal_storage,Reflex Winkelmann,Storatherm Heat HF 500/2_C,district;building,standby,,,,,,0.75,0,,,0.0,,,,1.0,0.95,0.95,0.25,0.25,0.0060774,SOC_end = SOC_start,0,0,1,SRC_STORAGE_REFLEX;SRC_STORAGE_METHOD,SOC=0..1; normalized capacity=1 kWh; loss normalized from 500 L tank and assumed usable deltaT=30 K,厂家提供500 L容量及106 W静态热损失；将其折算到30 K可用温差后得到小时损失率。storage_capacity_kWh=1为优化归一化容量，充放热效率0.95和最大充放热率0.25均为工程假设。
guanggu-v0.3-20260823,SHORT_TERM_STORAGE_BASE_01,short_term_thermal_storage,Reflex Winkelmann,Storatherm Heat HF 500/2_C,district;building,standby,,,,,,1.0,0,,,0.0,,,,1.0,0.95,0.95,0.25,0.25,0.0060774,SOC_end = SOC_start,0,0,1,SRC_STORAGE_REFLEX;SRC_STORAGE_METHOD,SOC=0..1; normalized capacity=1 kWh; loss normalized from 500 L tank and assumed usable deltaT=30 K,厂家提供500 L容量及106 W静态热损失；将其折算到30 K可用温差后得到小时损失率。storage_capacity_kWh=1为优化归一化容量，充放热效率0.95和最大充放热率0.25均为工程假设。
